"Name","Agent","State","Notes","User","Tags","Created","Runtime","Sweep","ID","Group","Job Type","Updated","End Time","Hostname","Description","Commit","GitHub","GPU Count","GPU Type","algo","data_aug","dataset_name","lr","model","seed","best_epoch-scel.epoch","best_epoch-scel.scel","best_epoch-scel.test_acc","best_epoch-scel.train_acc","best_epoch-scel.training_loss","best_epoch-scel.ure","best_epoch-scel.valid_acc","best_epoch-ure.epoch","best_epoch-ure.scel","best_epoch-ure.test_acc","best_epoch-ure.train_acc","best_epoch-ure.training_loss","best_epoch-ure.ure","best_epoch-ure.valid_acc","best_epoch-valid_acc.epoch","best_epoch-valid_acc.scel","best_epoch-valid_acc.test_acc","best_epoch-valid_acc.train_acc","best_epoch-valid_acc.training_loss","best_epoch-valid_acc.ure","best_epoch-valid_acc.valid_acc","scel","test_acc","train_acc","training_loss","ure","valid_acc"
"lyric-sweep-90","hlvzz9jx","finished","-","anthony-wss","pc-sigmoid","2023-05-03T04:06:43.000Z","1523","ed6g0prs","f3e01tow","","","2023-05-03T04:32:06.000Z","2023-05-03T04:32:06.000Z","laddsgtwccli-wrrc7","","","","1","Tesla V100-SXM2-32GB","pc-sigmoid","false","uniform-cifar20","0.00001","resnet18","2","44","2.9470953941345215","0.0632","0.0641111111111111","0.7686459571123123","-76.05596923828125","0.0602","289","2.9541144371032715","0.056","0.057244444444444445","0.0004790465940128674","-251.24557495117188","0.0558","14","2.963937997817993","0.0731","0.07924444444444445","5.7392744259400805","-15.884382247924805","0.0776","2.9542312622070312","0.0566","0.05728888888888889","0.0005180544473908164","-250.75198364257812","0.0532"
"colorful-sweep-89","7cvsamjw","finished","-","anthony-wss","pc-sigmoid","2023-05-03T03:59:12.000Z","1531","ed6g0prs","psuwxk5b","","","2023-05-03T04:24:43.000Z","2023-05-03T04:24:43.000Z","rkcc19twccli-t5ddj","","","","1","Tesla V100-SXM2-32GB","pc-sigmoid","false","uniform-cifar20","0.00005","resnet18","2","9","2.946967124938965","0.063","0.0666","1.1478082686662674","-67.98211669921875","0.0616","274","2.948122262954712","0.0601","0.06464444444444445","0.0008879981257698753","-259.99993896484375","0.0686","4","2.9601011276245117","0.0801","0.08206666666666666","5.174977459690788","-20.53384017944336","0.0802","2.948437213897705","0.0598","0.06406666666666666","0.0011311369863423431","-249.57240295410156","0.0684"
"quiet-sweep-88","hlvzz9jx","finished","-","anthony-wss","pc-sigmoid","2023-05-03T03:41:21.000Z","1514","ed6g0prs","r0mgf6qt","","","2023-05-03T04:06:35.000Z","2023-05-03T04:06:35.000Z","laddsgtwccli-wrrc7","","","","1","Tesla V100-SXM2-32GB","pc-sigmoid","false","uniform-cifar20","0.0001","resnet18","2","289","2.943147897720337","0.0699","0.07055555555555555","0.0007921707901087674","-290.1778564453125","0.072","284","2.9432058334350586","0.0694","0.07144444444444445","0.0009469620206139304","-290.89208984375","0.072","4","2.9508824348449707","0.0743","0.07933333333333334","3.3604336272586477","-40.143829345703125","0.0752","2.9431912899017334","0.0677","0.07024444444444444","0.0007004040208729831","-285.116943359375","0.07"
"giddy-sweep-87","7cvsamjw","finished","-","anthony-wss","pc-sigmoid","2023-05-03T03:33:50.000Z","1516","ed6g0prs","llw8az27","","","2023-05-03T03:59:06.000Z","2023-05-03T03:59:06.000Z","rkcc19twccli-t5ddj","","","","1","Tesla V100-SXM2-32GB","pc-sigmoid","false","uniform-cifar20","0.0005","resnet18","2","289","2.938147783279419","0.0778","0.07995555555555556","0.0018907351927323775","-413.4793701171875","0.0788","149","2.9393832683563232","0.0818","0.08133333333333333","0.009713143110275269","-435.4700012207031","0.0834","4","2.994105577468872","0.1058","0.10808888888888887","7.986380647529256","-11.31298828125","0.1054","2.9386541843414307","0.0767","0.07937777777777778","0.0013741938905282454","-378.1624450683594","0.078"
"wandering-sweep-86","hlvzz9jx","finished","-","anthony-wss","pc-sigmoid","2023-05-03T03:15:46.000Z","1526","ed6g0prs","ofd07x2d","","","2023-05-03T03:41:12.000Z","2023-05-03T03:41:12.000Z","laddsgtwccli-wrrc7","","","","1","Tesla V100-SXM2-32GB","pc-sigmoid","false","uniform-cifar20","0.001","resnet18","2","54","2.9324865341186523","0.0633","0.0654","0.027258092029528183","-450.2450866699219","0.0598","84","2.9347362518310547","0.0689","0.06984444444444445","0.01850953698158264","-488.29779052734375","0.066","9","3.0526304244995117","0.1041","0.10375555555555556","8.869655728340149","-1.7532716989517212","0.1094","2.9343481063842773","0.0738","0.0746","0.0022931620478630066","-416.1712341308594","0.0734"
"copper-sweep-85","7cvsamjw","finished","-","anthony-wss","pc-sigmoid","2023-05-03T03:08:14.000Z","1530","ed6g0prs","3acw11x4","","","2023-05-03T03:33:44.000Z","2023-05-03T03:33:44.000Z","rkcc19twccli-t5ddj","","","","1","Tesla V100-SXM2-32GB","pc-sigmoid","false","uniform-cifar10","0.00001","resnet18","2","244","2.197986602783203","0.128","0.1411777777777778","0.002203085205771706","-103.5813446044922","0.127","284","2.1980953216552734","0.1274","0.13782222222222223","0.00011541288007389416","-109.41942596435548","0.1232","9","2.2513234615325928","0.2232","0.23022222222222224","3.1735911694439976","-3.630192279815674","0.2078","2.1980299949645996","0.1271","0.13655555555555557","0.00010815533724698152","-109.05191802978516","0.1244"
"royal-sweep-84","hlvzz9jx","finished","-","anthony-wss","pc-sigmoid","2023-05-03T02:50:45.000Z","1493","ed6g0prs","1nt5qgpt","","","2023-05-03T03:15:38.000Z","2023-05-03T03:15:38.000Z","laddsgtwccli-wrrc7","","","","1","Tesla V100-SXM2-32GB","pc-sigmoid","false","uniform-cifar10","0.00005","resnet18","2","299","2.1978137493133545","0.1484","0.15504444444444446","0.0003036348657174544","-91.47859954833984","0.1394","174","2.198403596878052","0.1468","0.15288888888888888","0.0004434382373636419","-106.64228057861328","0.144","4","2.223461389541626","0.197","0.21046666666666664","2.1321686424992303","-11.195307731628418","0.1944","2.1978137493133545","0.1484","0.15504444444444446","0.0003036348657174544","-91.47859954833984","0.1394"
"legendary-sweep-83","7cvsamjw","finished","-","anthony-wss","pc-sigmoid","2023-05-03T02:42:39.000Z","1529","ed6g0prs","7pzlwad0","","","2023-05-03T03:08:08.000Z","2023-05-03T03:08:08.000Z","rkcc19twccli-t5ddj","","","","1","Tesla V100-SXM2-32GB","pc-sigmoid","false","uniform-cifar10","0.0001","resnet18","2","194","2.1976261138916016","0.1869","0.1942","0.015051971105012026","-109.35099792480467","0.1736","134","2.1983184814453125","0.1781","0.1837111111111111","0.0006788454272530296","-117.27191925048828","0.169","54","2.256166934967041","0.2349","0.2386666666666667","2.1042922653935174","-36.48714065551758","0.2284","2.1979081630706787","0.1897","0.19291111111111112","0.0001874078403819691","-108.560791015625","0.1832"
"daily-sweep-82","hlvzz9jx","finished","-","anthony-wss","pc-sigmoid","2023-05-03T02:25:39.000Z","1498","ed6g0prs","7i36obw7","","","2023-05-03T02:50:37.000Z","2023-05-03T02:50:37.000Z","laddsgtwccli-wrrc7","","","","1","Tesla V100-SXM2-32GB","pc-sigmoid","false","uniform-cifar10","0.0005","resnet18","2","84","2.1919872760772705","0.2022","0.2046","0.06697626411914825","-190.69158935546875","0.1934","154","2.194286823272705","0.1916","0.18626666666666664","0.03303199261426926","-202.1713104248047","0.1856","4","2.3334221839904785","0.2993","0.30962222222222224","3.786493810740384","-3.1715621948242188","0.3006","2.1964447498321533","0.1562","0.16555555555555557","0.02918743003498424","-192.76318359375","0.1628"
"earthy-sweep-81","7cvsamjw","finished","-","anthony-wss","pc-sigmoid","2023-05-03T02:17:11.000Z","1522","ed6g0prs","f87rco3t","","","2023-05-03T02:42:33.000Z","2023-05-03T02:42:33.000Z","rkcc19twccli-t5ddj","","","","1","Tesla V100-SXM2-32GB","pc-sigmoid","false","uniform-cifar10","0.001","resnet18","2","94","2.1926441192626953","0.1803","0.1832","0.08031527156179602","-204.36610412597656","0.1762","249","2.198162794113159","0.169","0.1638888888888889","0.05647449804977937","-220.13397216796875","0.1674","9","2.452199697494507","0.3326","0.3324888888888889","3.9668623317371714","-0.7443259358406067","0.3184","2.1990928649902344","0.1607","0.15811111111111112","0.05522153594277122","-219.03564453125","0.1612"
"helpful-sweep-80","hlvzz9jx","finished","-","anthony-wss","l-uw","2023-05-03T02:00:41.000Z","1493","ed6g0prs","bu0361y5","","","2023-05-03T02:25:34.000Z","2023-05-03T02:25:34.000Z","laddsgtwccli-wrrc7","","","","1","Tesla V100-SXM2-32GB","l-uw","false","uniform-cifar20","0.00001","resnet18","2","229","2.9436452388763428","0.049","0.054177777777777776","2.9462203762748023","-105.88160705566406","0.0534","264","2.943711757659912","0.052","0.055355555555555554","2.9462171630425886","-110.60163116455078","0.0548","9","2.9695422649383545","0.0919","0.09728888888888888","2.9719592847607355","-5.332395076751709","0.0944","2.943720579147339","0.0513","0.05615555555555555","2.94618758559227","-108.87619018554688","0.0516"
"young-sweep-79","7cvsamjw","finished","-","anthony-wss","l-uw","2023-05-03T01:51:46.000Z","1517","ed6g0prs","e1i7r5ah","","","2023-05-03T02:17:03.000Z","2023-05-03T02:17:03.000Z","rkcc19twccli-t5ddj","","","","1","Tesla V100-SXM2-32GB","l-uw","false","uniform-cifar20","0.00005","resnet18","2","114","2.9427878856658936","0.0646","0.06622222222222222","2.9482193643396553","-47.316619873046875","0.0684","269","2.944126844406128","0.05","0.05748888888888889","2.94670416821133","-93.0951919555664","0.0528","104","2.9580769538879395","0.1326","0.1342888888888889","2.9658916917714206","-8.314043998718262","0.1368","2.944880247116089","0.0515","0.053644444444444446","2.946532642299479","-87.42081451416016","0.0542"
"vibrant-sweep-78","hlvzz9jx","finished","-","anthony-wss","l-uw","2023-05-03T01:35:41.000Z","1494","ed6g0prs","6r76jjus","","","2023-05-03T02:00:35.000Z","2023-05-03T02:00:35.000Z","laddsgtwccli-wrrc7","","","","1","Tesla V100-SXM2-32GB","l-uw","false","uniform-cifar20","0.0001","resnet18","2","29","2.94466781616211","0.0602","0.057777777777777775","2.9474869776855814","-60.441741943359375","0.0628","199","2.9451980590820312","0.0561","0.0558","2.946631206707521","-78.6551742553711","0.056","44","2.9488401412963867","0.1307","0.1398","2.958645687861876","-10.930837631225586","0.1444","2.9468953609466553","0.0704","0.068","2.9497031569480896","-46.06941604614258","0.0646"
"flowing-sweep-77","7cvsamjw","finished","-","anthony-wss","l-uw","2023-05-03T01:26:23.000Z","1517","ed6g0prs","krsk1ffr","","","2023-05-03T01:51:40.000Z","2023-05-03T01:51:40.000Z","rkcc19twccli-t5ddj","","","","1","Tesla V100-SXM2-32GB","l-uw","false","uniform-cifar20","0.0005","resnet18","2","289","2.946528434753418","0.0906","0.0924","2.9518233971162275","-19.47608757019043","0.0994","289","2.946528434753418","0.0906","0.0924","2.9518233971162275","-19.47608757019043","0.0994","24","2.9584944248199463","0.1549","0.1628888888888889","2.9663046219132165","-4.078351020812988","0.1578","2.947742462158203","0.09","0.09424444444444444","2.953145918521014","-17.004356384277344","0.094"
"elated-sweep-76","hlvzz9jx","finished","-","anthony-wss","l-uw","2023-05-03T01:10:36.000Z","1499","ed6g0prs","bin44ubr","","","2023-05-03T01:35:35.000Z","2023-05-03T01:35:35.000Z","laddsgtwccli-wrrc7","","","","1","Tesla V100-SXM2-32GB","l-uw","false","uniform-cifar20","0.001","resnet18","2","249","2.949272871017456","0.0968","0.10155555555555557","2.9609868092970415","-2.1879079341888428","0.0998","274","2.949280261993408","0.0967","0.10135555555555556","2.9604339653795417","-2.6090385913848877","0.1064","49","2.987354040145874","0.1199","0.1188","2.9875629164955835","1.2864705324172974","0.123","2.950489044189453","0.1","0.10364444444444444","2.961923834952441","-2.2048141956329346","0.1032"
"crisp-sweep-75","7cvsamjw","finished","-","anthony-wss","l-uw","2023-05-03T01:00:58.000Z","1517","ed6g0prs","slguot2w","","","2023-05-03T01:26:15.000Z","2023-05-03T01:26:15.000Z","rkcc19twccli-t5ddj","","","","1","Tesla V100-SXM2-32GB","l-uw","false","uniform-cifar10","0.00001","resnet18","2","299","2.1972129344940186","0.0999","0.10884444444444444","2.203306786038659","-64.61628723144531","0.1058","279","2.1972146034240723","0.1079","0.10988888888888888","2.203232941302386","-66.04400634765625","0.1114","9","2.241828441619873","0.2446","0.2549777777777778","2.2526103962551463","-2.250364303588867","0.2284","2.1972129344940186","0.0999","0.10884444444444444","2.203306786038659","-64.61628723144531","0.1058"
"misunderstood-sweep-74","hlvzz9jx","finished","-","anthony-wss","l-uw","2023-05-03T00:45:40.000Z","1487","ed6g0prs","3q2usm3w","","","2023-05-03T01:10:27.000Z","2023-05-03T01:10:27.000Z","laddsgtwccli-wrrc7","","","","1","Tesla V100-SXM2-32GB","l-uw","false","uniform-cifar10","0.00005","resnet18","2","179","2.197251319885254","0.1057","0.11086666666666668","2.2032467397776516","-59.7155876159668","0.1098","154","2.1974384784698486","0.1029","0.11717777777777778","2.203685898672451","-64.77595520019531","0.1138","69","2.2499399185180664","0.3362","0.35535555555555554","2.2569302889433773","-4.627597808837891","0.3478","2.197646379470825","0.1897","0.19397777777777775","2.204636882651936","-57.370357513427734","0.1864"
"rosy-sweep-73","7cvsamjw","finished","-","anthony-wss","l-uw","2023-05-03T00:35:28.000Z","1524","ed6g0prs","rjvwlvgy","","","2023-05-03T01:00:52.000Z","2023-05-03T01:00:52.000Z","rkcc19twccli-t5ddj","","","","1","Tesla V100-SXM2-32GB","l-uw","false","uniform-cifar10","0.0001","resnet18","2","269","2.197246551513672","0.1511","0.15204444444444443","2.2043210647322913","-49.308624267578125","0.1576","104","2.1972947120666504","0.1045","0.13191111111111112","2.20406511425972","-57.91511917114258","0.109","44","2.2584922313690186","0.3889","0.4011777777777778","2.262364084070379","-1.6114187240600586","0.3872","2.1986498832702637","0.1272","0.13586666666666666","2.20614076202566","-39.62017822265625","0.133"
"driven-sweep-72","hlvzz9jx","finished","-","anthony-wss","l-uw","2023-05-03T00:20:46.000Z","1486","ed6g0prs","3t0jikz9","","","2023-05-03T00:45:32.000Z","2023-05-03T00:45:32.000Z","laddsgtwccli-wrrc7","","","","1","Tesla V100-SXM2-32GB","l-uw","false","uniform-cifar10","0.0005","resnet18","2","179","2.1984963417053223","0.2816","0.28284444444444445","2.210877933285453","-22.966968536376953","0.2744","239","2.1995441913604736","0.2597","0.254","2.21175835349343","-23.135046005249023","0.248","14","2.2211668491363525","0.4268","0.4442444444444445","2.242445647716522","-2.8937795162200928","0.425","2.200624465942383","0.2686","0.2721777777777778","2.2133119214664805","-21.600818634033203","0.2528"
"electric-sweep-71","7cvsamjw","finished","-","anthony-wss","l-uw","2023-05-03T00:09:54.000Z","1522","ed6g0prs","psc32593","","","2023-05-03T00:35:16.000Z","2023-05-03T00:35:16.000Z","rkcc19twccli-t5ddj","","","","1","Tesla V100-SXM2-32GB","l-uw","false","uniform-cifar10","0.001","resnet18","2","239","2.2010045051574707","0.315","0.31922222222222224","2.2189231271093544","-12.391521453857422","0.3068","294","2.2013821601867676","0.3135","0.32811111111111113","2.218800875273618","-12.93758487701416","0.3154","34","2.2141811847686768","0.4562","0.4774","2.23871648311615","-2.411848783493042","0.448","2.2025630474090576","0.3093","0.31664444444444445","2.2204120511358436","-12.200274467468262","0.3072"
"valiant-sweep-70","hlvzz9jx","finished","-","anthony-wss","l-w","2023-05-02T23:55:46.000Z","1494","ed6g0prs","ejxrrx0e","","","2023-05-03T00:20:40.000Z","2023-05-03T00:20:40.000Z","laddsgtwccli-wrrc7","","","","1","Tesla V100-SXM2-32GB","l-w","false","uniform-cifar20","0.00001","resnet18","2","214","2.9436376094818115","0.0501","0.05555555555555555","3.1012927402149546","-103.53717041015624","0.0524","259","2.943716287612915","0.0493","0.05357777777777778","3.1012637425552714","-109.3564910888672","0.0488","9","2.9699490070343018","0.0906","0.09591111111111111","3.1248088614507155","-5.412492275238037","0.092","2.9484951496124268","0.0652","0.06631111111111111","3.1064913245764645","-52.19031524658203","0.067"
"lucky-sweep-69","7cvsamjw","finished","-","anthony-wss","l-w","2023-05-02T23:44:25.000Z","1521","ed6g0prs","hkewj52y","","","2023-05-03T00:09:46.000Z","2023-05-03T00:09:46.000Z","rkcc19twccli-t5ddj","","","","1","Tesla V100-SXM2-32GB","l-w","false","uniform-cifar20","0.00005","resnet18","2","194","2.9434118270874023","0.0742","0.07535555555555555","3.102996517311443","-68.21475982666016","0.0824","199","2.9442780017852783","0.0559","0.056355555555555555","3.1014887500892985","-105.97926330566406","0.049","59","2.9460487365722656","0.1241","0.12553333333333333","3.109851159832694","-19.58559226989746","0.1304","2.955967426300049","0.0624","0.06626666666666667","3.112863164056431","-28.51199722290039","0.0594"
"ethereal-sweep-68","hlvzz9jx","finished","-","anthony-wss","l-w","2023-05-02T23:30:51.000Z","1490","ed6g0prs","xmqsyjyz","","","2023-05-02T23:55:41.000Z","2023-05-02T23:55:41.000Z","laddsgtwccli-wrrc7","","","","1","Tesla V100-SXM2-32GB","l-w","false","uniform-cifar20","0.0001","resnet18","2","224","2.943166971206665","0.0744","0.07273333333333333","3.102868684313514","-56.67478561401367","0.0718","99","2.9436652660369873","0.0536","0.06004444444444444","3.10176288539713","-83.13089752197266","0.0596","39","2.9509315490722656","0.1328","0.13813333333333333","3.114254821430553","-11.527377128601074","0.1418","2.943944215774536","0.0625","0.06088888888888889","3.1019495969468895","-70.09510040283203","0.0554"
"still-sweep-67","7cvsamjw","finished","-","anthony-wss","l-w","2023-05-02T23:18:55.000Z","1524","ed6g0prs","ci7h4crv","","","2023-05-02T23:44:19.000Z","2023-05-02T23:44:19.000Z","rkcc19twccli-t5ddj","","","","1","Tesla V100-SXM2-32GB","l-w","false","uniform-cifar20","0.0005","resnet18","2","264","2.945019483566284","0.088","0.08744444444444445","3.10716420953924","-20.43817138671875","0.0918","289","2.945183277130127","0.0804","0.08444444444444445","3.1067541350017893","-21.44227409362793","0.0854","14","2.969484329223633","0.1505","0.1560888888888889","3.1268722983923825","-2.8975296020507812","0.158","2.9452733993530273","0.0809","0.08315555555555555","3.1070710583166643","-20.91916275024414","0.0844"
"sage-sweep-66","hlvzz9jx","finished","-","anthony-wss","l-w","2023-05-02T23:05:30.000Z","1515","ed6g0prs","9jmiajd2","","","2023-05-02T23:30:45.000Z","2023-05-02T23:30:45.000Z","laddsgtwccli-wrrc7","","","","1","Tesla V100-SXM2-32GB","l-w","false","uniform-cifar20","0.001","resnet18","2","299","2.9570274353027344","0.0817","0.08208888888888889","3.1193561391396956","-2.7401139736175537","0.0832","279","2.957606315612793","0.0791","0.07851111111111111","3.11926329406825","-2.94073224067688","0.0766","19","2.995368003845215","0.087","0.08626666666666667","3.1451096047054636","2.943514585494995","0.0914","2.9570274353027344","0.0817","0.08208888888888889","3.1193561391396956","-2.7401139736175537","0.0832"
"warm-sweep-65","7cvsamjw","finished","-","anthony-wss","l-w","2023-05-02T22:53:39.000Z","1510","ed6g0prs","b82046up","","","2023-05-02T23:18:49.000Z","2023-05-02T23:18:49.000Z","rkcc19twccli-t5ddj","","","","1","Tesla V100-SXM2-32GB","l-w","false","uniform-cifar10","0.00001","resnet18","2","289","2.197214365005493","0.1039","0.11008888888888888","2.4480214335701684","-64.99636840820312","0.1016","289","2.197214365005493","0.1039","0.11008888888888888","2.4480214335701684","-64.99636840820312","0.1016","9","2.2437353134155273","0.2401","0.25064444444444445","2.4923906813968313","-2.3224143981933594","0.2262","2.197660446166992","0.1062","0.11631111111111112","2.4493272710930216","-56.55314636230469","0.1158"
"unique-sweep-64","hlvzz9jx","finished","-","anthony-wss","l-w","2023-05-02T22:39:49.000Z","1533","ed6g0prs","5glspw2q","","","2023-05-02T23:05:22.000Z","2023-05-02T23:05:22.000Z","laddsgtwccli-wrrc7","","","","1","Tesla V100-SXM2-32GB","l-w","false","uniform-cifar10","0.00005","resnet18","2","154","2.197226285934448","0.1104","0.1102888888888889","2.4480824280868876","-58.822227478027344","0.1182","174","2.1972620487213135","0.1221","0.11271111111111112","2.4481834119016472","-62.4569206237793","0.116","69","2.2033238410949707","0.2862","0.2942222222222222","2.464605087583715","-17.836400985717773","0.2836","2.1973891258239746","0.1192","0.11382222222222224","2.4481503800912336","-48.80877304077149","0.1164"
"noble-sweep-63","7cvsamjw","finished","-","anthony-wss","l-w","2023-05-02T22:28:19.000Z","1513","ed6g0prs","pbh77qvj","","","2023-05-02T22:53:32.000Z","2023-05-02T22:53:32.000Z","rkcc19twccli-t5ddj","","","","1","Tesla V100-SXM2-32GB","l-w","false","uniform-cifar10","0.0001","resnet18","2","79","2.1969993114471436","0.1184","0.12853333333333333","2.4493428360332143","-58.402584075927734","0.1136","84","2.197084903717041","0.1103","0.11751111111111112","2.448636320504275","-59.01839065551758","0.1076","44","2.210221529006958","0.3735","0.38893333333333335","2.4780963198705153","-7.482804775238037","0.3704","2.1974101066589355","0.1316","0.12935555555555556","2.448255782777613","-48.26213073730469","0.1278"
"crimson-sweep-62","hlvzz9jx","finished","-","anthony-wss","l-w","2023-05-02T22:14:18.000Z","1526","ed6g0prs","1eky4n7c","","","2023-05-02T22:39:44.000Z","2023-05-02T22:39:44.000Z","laddsgtwccli-wrrc7","","","","1","Tesla V100-SXM2-32GB","l-w","false","uniform-cifar10","0.0005","resnet18","2","294","2.19800066947937","0.2078","0.20844444444444443","2.4520583884282545","-32.62081527709961","0.206","294","2.19800066947937","0.2078","0.20844444444444443","2.4520583884282545","-32.62081527709961","0.206","14","2.20828628540039","0.4135","0.4253111111111111","2.4776243404908613","-6.19180154800415","0.3994","2.2250735759735107","0.2517","0.2571111111111111","2.478655731136149","-9.659932136535645","0.2416"
"proud-sweep-61","7cvsamjw","finished","-","anthony-wss","l-w","2023-05-02T22:02:58.000Z","1516","ed6g0prs","6q3rryhl","","","2023-05-02T22:28:14.000Z","2023-05-02T22:28:14.000Z","rkcc19twccli-t5ddj","","","","1","Tesla V100-SXM2-32GB","l-w","false","uniform-cifar10","0.001","resnet18","2","219","2.2018463611602783","0.2961","0.3083111111111111","2.4619866636666385","-15.063711166381836","0.296","299","2.203031539916992","0.282","0.2849555555555556","2.4624832543459805","-15.354352951049805","0.2706","29","2.215162992477417","0.4393","0.46175555555555553","2.4849365570328454","-2.600440740585327","0.438","2.203031539916992","0.282","0.2849555555555556","2.4624832543459805","-15.354352951049805","0.2706"
"rosy-sweep-60","hlvzz9jx","finished","-","anthony-wss","scl-nl","2023-05-02T21:48:42.000Z","1531","ed6g0prs","xgwqpb1c","","","2023-05-02T22:14:13.000Z","2023-05-02T22:14:13.000Z","laddsgtwccli-wrrc7","","","","1","Tesla V100-SXM2-32GB","scl-nl","false","uniform-cifar20","0.00001","resnet18","2","104","2.950392007827759","0.0944","0.10017777777777778","0.00009889383392708788","-6.904299259185791","0.0982","44","2.950434684753418","0.097","0.10117777777777778","0.00013590055691152386","-9.757905960083008","0.1016","74","2.950481414794922","0.0966","0.10128888888888889","0.00003223038896232372","-9.050253868103027","0.1024","2.950803279876709","0.0939","0.0996","0.000039878175378114314","-5.4284868240356445","0.0978"
"dark-sweep-59","7cvsamjw","finished","-","anthony-wss","scl-nl","2023-05-02T21:37:33.000Z","1521","ed6g0prs","flkd747c","","","2023-05-02T22:02:54.000Z","2023-05-02T22:02:54.000Z","rkcc19twccli-t5ddj","","","","1","Tesla V100-SXM2-32GB","scl-nl","false","uniform-cifar20","0.00005","resnet18","2","79","2.9478282928466797","0.1061","0.10791111111111112","0.00009703176320644243","-7.06129264831543","0.1088","19","2.9494259357452393","0.0994","0.10564444444444444","0.00020472719039720357","-10.1797456741333","0.1048","209","2.949408769607544","0.1072","0.1145111111111111","0.002033069532361961","-2.1341629028320312","0.1176","2.9482266902923584","0.1052","0.10951111111111111","0.0004774568997990255","-2.5120339393615723","0.1098"
"lucky-sweep-58","hlvzz9jx","finished","-","anthony-wss","scl-nl","2023-05-02T21:23:15.000Z","1522","ed6g0prs","u4rkk6yx","","","2023-05-02T21:48:37.000Z","2023-05-02T21:48:37.000Z","laddsgtwccli-wrrc7","","","","1","Tesla V100-SXM2-32GB","scl-nl","false","uniform-cifar20","0.0001","resnet18","2","219","2.9475433826446533","0.1147","0.12124444444444445","0.0004170139628430743","-3.6174564361572266","0.1202","24","2.948219060897827","0.13","0.13266666666666663","0.0001665212963747432","-12.221774101257324","0.1364","29","2.9482624530792236","0.1283","0.1318","0.00012493784453743666","-12.112399101257324","0.1366","2.949805498123169","0.1135","0.11724444444444444","0.002226766655935948","-1.6483714580535889","0.114"
"upbeat-sweep-57","7cvsamjw","finished","-","anthony-wss","scl-nl","2023-05-02T21:12:11.000Z","1513","ed6g0prs","hp5psxs0","","","2023-05-02T21:37:24.000Z","2023-05-02T21:37:24.000Z","rkcc19twccli-t5ddj","","","","1","Tesla V100-SXM2-32GB","scl-nl","false","uniform-cifar20","0.0005","resnet18","2","134","2.9468274116516113","0.1472","0.15393333333333334","0.000330720717598028","-5.0483551025390625","0.1488","104","2.946903705596924","0.1494","0.15495555555555557","0.00037972059594308536","-5.20851993560791","0.1514","59","2.9532110691070557","0.1553","0.1622888888888889","0.006449863954912871","-3.4137332439422607","0.169","2.947504758834839","0.1418","0.14753333333333332","0.00024729610611922743","-4.061892986297607","0.1444"
"dazzling-sweep-56","hlvzz9jx","finished","-","anthony-wss","scl-nl","2023-05-02T20:57:46.000Z","1520","ed6g0prs","o2lydfpd","","","2023-05-02T21:23:06.000Z","2023-05-02T21:23:06.000Z","laddsgtwccli-wrrc7","","","","1","Tesla V100-SXM2-32GB","scl-nl","false","uniform-cifar20","0.001","resnet18","2","219","2.946514844894409","0.1209","0.12611111111111112","0.00034738215287110177","-2.581195831298828","0.1254","219","2.946514844894409","0.1209","0.12611111111111112","0.00034738215287110177","-2.581195831298828","0.1254","74","2.9558768272399902","0.1303","0.13275555555555554","0.010098563277014446","-1.8009841442108154","0.137","2.9490394592285156","0.1225","0.12426666666666666","0.0027010483655348335","-1.6771711111068726","0.1234"
"skilled-sweep-55","7cvsamjw","finished","-","anthony-wss","scl-nl","2023-05-02T20:46:56.000Z","1508","ed6g0prs","7u4rrfcm","","","2023-05-02T21:12:04.000Z","2023-05-02T21:12:04.000Z","rkcc19twccli-t5ddj","","","","1","Tesla V100-SXM2-32GB","scl-nl","false","uniform-cifar10","0.00001","resnet18","2","84","2.1981186866760254","0.2379","0.2555777777777778","0.00004867696580649036","-7.259305477142334","0.2308","84","2.1981186866760254","0.2379","0.2555777777777778","0.00004867696580649036","-7.259305477142334","0.2308","19","2.2021210193634033","0.2452","0.2614444444444444","0.004521816288946535","-4.7563605308532715","0.241","2.1985955238342285","0.2373","0.2511777777777778","0.000013937161394427346","-5.430861949920654","0.2386"
"breezy-sweep-54","hlvzz9jx","finished","-","anthony-wss","scl-nl","2023-05-02T20:32:20.000Z","1517","ed6g0prs","4a38dlhr","","","2023-05-02T20:57:37.000Z","2023-05-02T20:57:37.000Z","laddsgtwccli-wrrc7","","","","1","Tesla V100-SXM2-32GB","scl-nl","false","uniform-cifar10","0.00005","resnet18","2","224","2.197019577026367","0.3354","0.34182222222222225","0.00016215523481316103","-3.4079854488372803","0.3262","29","2.1975228786468506","0.2771","0.2934222222222222","0.00010484999752820428","-7.977646827697754","0.2774","254","2.197296380996704","0.332","0.34295555555555557","0.00022505090667188844","-3.1671385765075684","0.3296","2.1972298622131348","0.3297","0.34204444444444443","0.00020961859908394135","-2.815992832183838","0.3256"
"still-sweep-53","7cvsamjw","finished","-","anthony-wss","scl-nl","2023-05-02T20:21:35.000Z","1517","ed6g0prs","2gv1useh","","","2023-05-02T20:46:52.000Z","2023-05-02T20:46:52.000Z","rkcc19twccli-t5ddj","","","","1","Tesla V100-SXM2-32GB","scl-nl","false","uniform-cifar10","0.0001","resnet18","2","89","2.197667360305786","0.42","0.4358","0.00014860562532703625","-5.9757609367370605","0.4078","29","2.1982150077819824","0.3636","0.38508888888888887","0.0001830936013324059","-8.945055961608887","0.3582","299","2.2018580436706543","0.4389","0.4578444444444445","0.004409733253520575","-2.4146499633789062","0.4366","2.2018580436706543","0.4389","0.4578444444444445","0.004409733253520575","-2.4146499633789062","0.4366"
"jolly-sweep-52","hlvzz9jx","finished","-","anthony-wss","scl-nl","2023-05-02T20:06:56.000Z","1514","ed6g0prs","j9i1ttwf","","","2023-05-02T20:32:10.000Z","2023-05-02T20:32:10.000Z","laddsgtwccli-wrrc7","","","","1","Tesla V100-SXM2-32GB","scl-nl","false","uniform-cifar10","0.0005","resnet18","2","289","2.1975083351135254","0.4775","0.5077333333333334","0.00016979558032207106","-3.760605335235596","0.4766","194","2.197744369506836","0.4839","0.5067777777777778","0.00022125899572115896","-3.8744304180145264","0.4778","199","2.197666645050049","0.4804","0.5063777777777778","0.0001998319388473068","-3.73527717590332","0.4794","2.1976494789123535","0.4778","0.5075777777777778","0.000203845011293941","-2.9757556915283203","0.4752"
"jolly-sweep-51","7cvsamjw","finished","-","anthony-wss","scl-nl","2023-05-02T19:56:15.000Z","1513","ed6g0prs","qkimqdxu","","","2023-05-02T20:21:28.000Z","2023-05-02T20:21:28.000Z","rkcc19twccli-t5ddj","","","","1","Tesla V100-SXM2-32GB","scl-nl","false","uniform-cifar10","0.001","resnet18","2","214","2.197787284851074","0.4797","0.5011555555555556","0.00029764752550611524","-3.202252149581909","0.461","249","2.197845458984375","0.486","0.4998222222222222","0.0003262613731335891","-3.2882862091064453","0.4624","149","2.2004525661468506","0.4873","0.5041333333333333","0.002964413532357536","-2.599449157714844","0.4738","2.199304580688477","0.4706","0.4922666666666667","0.0018291691300295167","-2.6836116313934326","0.4584"
"swept-sweep-50","hlvzz9jx","finished","-","anthony-wss","scl-exp","2023-05-02T19:41:23.000Z","1525","ed6g0prs","akxu71pl","","","2023-05-02T20:06:48.000Z","2023-05-02T20:06:48.000Z","laddsgtwccli-wrrc7","","","","1","Tesla V100-SXM2-32GB","scl-exp","false","uniform-cifar20","0.00001","resnet18","2","289","2.9500088691711426","0.0968","0.10335555555555556","1.000015770847147","-6.298813819885254","0.1062","44","2.9503867626190186","0.0977","0.10097777777777778","1.000134745782072","-9.667055130004885","0.1014","249","2.9516868591308594","0.097","0.10415555555555556","1.0007860647006468","-4.065424919128418","0.1086","2.9501569271087646","0.0982","0.10355555555555555","1.0000134300101886","-6.482643127441406","0.106"
"quiet-sweep-49","7cvsamjw","finished","-","anthony-wss","scl-exp","2023-05-02T19:30:46.000Z","1519","ed6g0prs","592zceku","","","2023-05-02T19:56:05.000Z","2023-05-02T19:56:05.000Z","rkcc19twccli-t5ddj","","","","1","Tesla V100-SXM2-32GB","scl-exp","false","uniform-cifar20","0.00005","resnet18","2","294","2.9492101669311523","0.0972","0.10837777777777778","1.000172639434988","-1.704521894454956","0.1136","19","2.9494335651397705","0.1011","0.10548888888888888","1.0001572194424542","-10.220437049865724","0.1038","229","2.9507503509521484","0.1016","0.10993333333333331","1.0007126385515386","-1.778374433517456","0.119","2.949355125427246","0.0968","0.10817777777777778","1.0001536255533046","-1.0582542419433594","0.113"
"rosy-sweep-48","hlvzz9jx","finished","-","anthony-wss","scl-exp","2023-05-02T19:15:39.000Z","1534","ed6g0prs","boxk6nm2","","","2023-05-02T19:41:13.000Z","2023-05-02T19:41:13.000Z","laddsgtwccli-wrrc7","","","","1","Tesla V100-SXM2-32GB","scl-exp","false","uniform-cifar20","0.0001","resnet18","2","89","2.9485058784484863","0.1175","0.12424444444444444","1.0000933584841816","-6.7027082443237305","0.12","24","2.951252698898315","0.1122","0.11831111111111112","1.0020718479698354","-9.19619369506836","0.1224","39","2.9509243965148926","0.1174","0.12275555555555556","1.0018384863029828","-8.882402420043945","0.1254","2.9561221599578857","0.1081","0.11117777777777778","1.003692403435707","-1.183734893798828","0.1096"
"wild-sweep-47","7cvsamjw","finished","-","anthony-wss","scl-exp","2023-05-02T19:05:31.000Z","1508","ed6g0prs","qq24cq6p","","","2023-05-02T19:30:39.000Z","2023-05-02T19:30:39.000Z","rkcc19twccli-t5ddj","","","","1","Tesla V100-SXM2-32GB","scl-exp","false","uniform-cifar20","0.0005","resnet18","2","294","2.949263572692871","0.1361","0.1461111111111111","1.0015363882888446","-2.301295042037964","0.1444","299","2.950002908706665","0.1358","0.1436","1.0017010623758489","-2.3796920776367188","0.1408","9","2.9921629428863525","0.1515","0.15304444444444446","1.0416087670759722","1.3774935007095337","0.1528","2.950002908706665","0.1358","0.1436","1.0017010623758489","-2.3796920776367188","0.1408"
"kind-sweep-46","hlvzz9jx","finished","-","anthony-wss","scl-exp","2023-05-02T18:50:10.000Z","1521","ed6g0prs","gzdwix9m","","","2023-05-02T19:15:31.000Z","2023-05-02T19:15:31.000Z","laddsgtwccli-wrrc7","","","","1","Tesla V100-SXM2-32GB","scl-exp","false","uniform-cifar20","0.001","resnet18","2","244","2.953920602798462","0.1025","0.10408888888888888","1.0039905485781755","-0.5779258012771606","0.109","209","2.954432725906372","0.0993","0.10075555555555556","1.003759186376225","-0.7934359908103943","0.1052","74","2.9840879440307617","0.1069","0.10684444444444444","1.0291453234174035","0.46574410796165466","0.113","2.954773426055908","0.1002","0.10246666666666666","1.0040920742533423","-0.5256953239440918","0.1026"
"solar-sweep-45","7cvsamjw","finished","-","anthony-wss","scl-exp","2023-05-02T18:40:05.000Z","1518","ed6g0prs","f5gm5r5r","","","2023-05-02T19:05:23.000Z","2023-05-02T19:05:23.000Z","rkcc19twccli-t5ddj","","","","1","Tesla V100-SXM2-32GB","scl-exp","false","uniform-cifar10","0.00001","resnet18","2","119","2.1982390880584717","0.2352","0.2534888888888889","1.000060730359771","-6.722103118896484","0.23","84","2.1982576847076416","0.2391","0.2544444444444444","1.0000488189133732","-7.11063289642334","0.232","289","2.198434829711914","0.244","0.25608888888888887","1.000023829666051","-5.6755475997924805","0.24","2.198460817337036","0.244","0.2556888888888889","1.0000209036198529","-5.759195804595947","0.2396"
"ethereal-sweep-44","hlvzz9jx","finished","-","anthony-wss","scl-exp","2023-05-02T18:24:35.000Z","1526","ed6g0prs","0xk9ewih","","","2023-05-02T18:50:01.000Z","2023-05-02T18:50:01.000Z","laddsgtwccli-wrrc7","","","","1","Tesla V100-SXM2-32GB","scl-exp","false","uniform-cifar10","0.00005","resnet18","2","49","2.1979944705963135","0.2717","0.28786666666666666","1.0000796155496077","-6.889745712280273","0.272","24","2.1981868743896484","0.277","0.2906","1.0002115544947712","-7.613912105560303","0.2742","289","2.2020106315612793","0.3192","0.3390222222222222","1.0012596804987302","-2.2812187671661377","0.3248","2.20129132270813","0.3211","0.3384888888888889","1.0011724870313297","-2.3841538429260254","0.3226"
"solar-sweep-43","7cvsamjw","finished","-","anthony-wss","scl-exp","2023-05-02T18:14:49.000Z","1509","ed6g0prs","urqjzcba","","","2023-05-02T18:39:58.000Z","2023-05-02T18:39:58.000Z","rkcc19twccli-t5ddj","","","","1","Tesla V100-SXM2-32GB","scl-exp","false","uniform-cifar10","0.0001","resnet18","2","39","2.198698043823242","0.3305","0.35233333333333333","1.0001775324344635","-7.93893575668335","0.333","19","2.1987385749816895","0.3364","0.35335555555555553","1.0002623674544422","-8.72831916809082","0.3382","299","2.200462579727173","0.4406","0.4547555555555556","1.0013904625719243","-2.060001850128174","0.4286","2.200462579727173","0.4406","0.4547555555555556","1.0013904625719243","-2.060001850128174","0.4286"
"still-sweep-42","hlvzz9jx","finished","-","anthony-wss","scl-exp","2023-05-02T17:59:05.000Z","1522","ed6g0prs","agqfe4we","","","2023-05-02T18:24:27.000Z","2023-05-02T18:24:27.000Z","laddsgtwccli-wrrc7","","","","1","Tesla V100-SXM2-32GB","scl-exp","false","uniform-cifar10","0.0005","resnet18","2","289","2.203709125518799","0.4717","0.4899777777777778","1.0027347843755374","-1.6009321212768557","0.465","89","2.20811128616333","0.4594","0.48084444444444446","1.005083816972646","-1.9711203575134275","0.4562","259","2.2063686847686768","0.4741","0.4975111111111111","1.0042960413477635","-1.486577033996582","0.4742","2.2091314792633057","0.4623","0.48531111111111114","1.005518353798173","-1.3944636583328247","0.4588"
"grateful-sweep-41","7cvsamjw","finished","-","anthony-wss","scl-exp","2023-05-02T17:49:27.000Z","1514","ed6g0prs","z3i3x2e2","","","2023-05-02T18:14:41.000Z","2023-05-02T18:14:41.000Z","rkcc19twccli-t5ddj","","","","1","Tesla V100-SXM2-32GB","scl-exp","false","uniform-cifar10","0.001","resnet18","2","179","2.2067837715148926","0.4611","0.4860444444444445","1.003620845350352","-1.6030858755111694","0.4606","179","2.2067837715148926","0.4611","0.4860444444444445","1.003620845350352","-1.6030858755111694","0.4606","169","2.21183443069458","0.4656","0.48691111111111113","1.0063107162714005","-1.4381742477416992","0.4634","2.208338499069214","0.4541","0.47884444444444446","1.004777732220563","-1.357662796974182","0.4606"
"smart-sweep-40","hlvzz9jx","finished","-","anthony-wss","fwd-r","2023-05-02T17:33:30.000Z","1529","ed6g0prs","2749xcao","","","2023-05-02T17:58:59.000Z","2023-05-02T17:58:59.000Z","laddsgtwccli-wrrc7","","","","1","Tesla V100-SXM2-32GB","fwd-r","false","uniform-cifar20","0.00001","resnet18","2","299","2.8254148960113525","0.0579","0.06477777777777778","2.8254146440462633","-12.352635383605955","0.062","94","2.8340141773223877","0.0602","0.06551111111111112","2.834014518694444","-16.955488204956055","0.0582","9","2.9609875679016113","0.0891","0.09735555555555556","2.960987318645824","-3.943577527999878","0.0962","2.8254148960113525","0.0579","0.06477777777777778","2.8254146440462633","-12.352635383605955","0.062"
"hearty-sweep-39","7cvsamjw","finished","-","anthony-wss","fwd-r","2023-05-02T17:24:13.000Z","1509","ed6g0prs","8vwpihde","","","2023-05-02T17:49:22.000Z","2023-05-02T17:49:22.000Z","rkcc19twccli-t5ddj","","","","1","Tesla V100-SXM2-32GB","fwd-r","false","uniform-cifar20","0.00005","resnet18","2","299","2.8149471282958984","0.0577","0.06424444444444445","2.8149475211446937","-14.84333610534668","0.0584","139","2.8378946781158447","0.0627","0.06988888888888889","2.837895566766912","-19.66823959350586","0.0632","4","2.93548846244812","0.0912","0.09842222222222222","2.9354882619597693","-8.71714973449707","0.1","2.8149471282958984","0.0577","0.06424444444444445","2.8149475211446937","-14.84333610534668","0.0584"
"ruby-sweep-38","hlvzz9jx","finished","-","anthony-wss","fwd-r","2023-05-02T17:07:59.000Z","1522","ed6g0prs","0l0n2ela","","","2023-05-02T17:33:21.000Z","2023-05-02T17:33:21.000Z","laddsgtwccli-wrrc7","","","","1","Tesla V100-SXM2-32GB","fwd-r","false","uniform-cifar20","0.0001","resnet18","2","299","2.8035788536071777","0.0619","0.06975555555555556","2.803578642281619","-21.223857879638672","0.0648","159","2.8189539909362793","0.0688","0.0782888888888889","2.818953375924717","-28.224910736083984","0.065","4","2.9393913745880127","0.1175","0.12562222222222222","2.939391539855437","-8.842103958129883","0.1252","2.8035788536071777","0.0619","0.06975555555555556","2.803578642281619","-21.223857879638672","0.0648"
"swift-sweep-37","7cvsamjw","finished","-","anthony-wss","fwd-r","2023-05-02T16:58:48.000Z","1520","ed6g0prs","7c4nm80v","","","2023-05-02T17:24:08.000Z","2023-05-02T17:24:08.000Z","rkcc19twccli-t5ddj","","","","1","Tesla V100-SXM2-32GB","fwd-r","false","uniform-cifar20","0.0005","resnet18","2","254","2.8380119800567627","0.0944","0.10031111111111111","2.838011671196331","-12.088134765625","0.092","269","2.8507704734802246","0.0976","0.10468888888888889","2.8507703840732574","-14.252336502075195","0.0986","19","2.956932783126831","0.1583","0.1605111111111111","2.9569329781965776","-3.907381772994995","0.1608","2.8808839321136475","0.1029","0.10708888888888889","2.880884151567112","-10.27031421661377","0.1028"
"firm-sweep-36","hlvzz9jx","finished","-","anthony-wss","fwd-r","2023-05-02T16:42:33.000Z","1520","ed6g0prs","ogcx84kp","","","2023-05-02T17:07:53.000Z","2023-05-02T17:07:53.000Z","laddsgtwccli-wrrc7","","","","1","Tesla V100-SXM2-32GB","fwd-r","false","uniform-cifar20","0.001","resnet18","2","259","2.917205810546875","0.114","0.12051111111111112","2.9172056940468876","-2.864370107650757","0.1202","259","2.917205810546875","0.114","0.12051111111111112","2.9172056940468876","-2.864370107650757","0.1202","49","2.9839775562286377","0.1262","0.1317111111111111","2.983977496623993","1.2381168603897097","0.1302","2.91886043548584","0.1136","0.11955555555555555","2.9188598529859022","-2.665604829788208","0.119"
"firm-sweep-35","7cvsamjw","finished","-","anthony-wss","fwd-r","2023-05-02T16:33:31.000Z","1512","ed6g0prs","joalcttu","","","2023-05-02T16:58:43.000Z","2023-05-02T16:58:43.000Z","rkcc19twccli-t5ddj","","","","1","Tesla V100-SXM2-32GB","fwd-r","false","uniform-cifar10","0.00001","resnet18","2","299","2.1497929096221924","0.1417","0.15086666666666668","2.1497920020060106","-15.581459999084473","0.1356","174","2.1520931720733643","0.1456","0.15817777777777778","2.1520930880850013","-17.09036636352539","0.142","14","2.2049503326416016","0.2446","0.2579111111111111","2.2049505087462338","-3.582727432250977","0.2338","2.1497929096221924","0.1417","0.15086666666666668","2.1497920020060106","-15.581459999084473","0.1356"
"sandy-sweep-34","hlvzz9jx","finished","-","anthony-wss","fwd-r","2023-05-02T16:17:02.000Z","1521","ed6g0prs","emd0n6kk","","","2023-05-02T16:42:23.000Z","2023-05-02T16:42:23.000Z","laddsgtwccli-wrrc7","","","","1","Tesla V100-SXM2-32GB","fwd-r","false","uniform-cifar10","0.00005","resnet18","2","279","2.137979030609131","0.1377","0.14044444444444446","2.137979363853282","-16.392215728759766","0.1352","194","2.1520659923553467","0.1763","0.1826222222222222","2.1520660004832526","-19.846515655517575","0.1692","124","2.2548482418060303","0.3054","0.3101111111111111","2.2548482336781244","-1.650003433227539","0.2872","2.1403536796569824","0.1587","0.15304444444444446","2.1403535225174646","-18.185791015625","0.1544"
"woven-sweep-33","7cvsamjw","finished","-","anthony-wss","fwd-r","2023-05-02T16:08:00.000Z","1523","ed6g0prs","eb33rrre","","","2023-05-02T16:33:23.000Z","2023-05-02T16:33:23.000Z","rkcc19twccli-t5ddj","","","","1","Tesla V100-SXM2-32GB","fwd-r","false","uniform-cifar10","0.0001","resnet18","2","269","2.1458370685577393","0.186","0.20015555555555556","2.1458362395113166","-11.944398880004885","0.1986","289","2.150490045547486","0.214","0.2215111111111111","2.150489720431241","-14.202807426452637","0.2206","69","2.1856846809387207","0.3516","0.36491111111111113","2.1856842068108646","-8.296064376831055","0.3468","2.179801225662231","0.2758","0.2752888888888889","2.179800800301812","-9.457517623901367","0.269"
"legendary-sweep-32","hlvzz9jx","finished","-","anthony-wss","fwd-r","2023-05-02T15:51:36.000Z","1518","ed6g0prs","hkmbv3m5","","","2023-05-02T16:16:54.000Z","2023-05-02T16:16:54.000Z","laddsgtwccli-wrrc7","","","","1","Tesla V100-SXM2-32GB","fwd-r","false","uniform-cifar10","0.0005","resnet18","2","294","2.166537046432495","0.3459","0.36448888888888886","2.166536870327863","-5.31749153137207","0.346","284","2.1724514961242676","0.3739","0.3878888888888889","2.172451517798684","-6.438425540924072","0.367","69","2.2006657123565674","0.4494","0.46926666666666667","2.2006654197519477","-2.876188039779663","0.4498","2.1875483989715576","0.408","0.4235777777777778","2.187548125332052","-5.00164270401001","0.4032"
"dainty-sweep-31","7cvsamjw","finished","-","anthony-wss","fwd-r","2023-05-02T15:42:34.000Z","1520","ed6g0prs","ncwcc3dq","","","2023-05-02T16:07:54.000Z","2023-05-02T16:07:54.000Z","rkcc19twccli-t5ddj","","","","1","Tesla V100-SXM2-32GB","fwd-r","false","uniform-cifar10","0.001","resnet18","2","244","2.182849645614624","0.4402","0.4605555555555555","2.1828497729518195","-4.1218953132629395","0.4336","244","2.182849645614624","0.4402","0.4605555555555555","2.1828497729518195","-4.1218953132629395","0.4336","44","2.2070748805999756","0.4773","0.5003555555555556","2.2070751759138973","-2.0770177841186523","0.4722","2.194060802459717","0.4444","0.4607333333333334","2.1940611086108466","-3.2739925384521484","0.4342"
"laced-sweep-30","hlvzz9jx","finished","-","anthony-wss","ure-ga-r","2023-05-02T15:21:58.000Z","1772","ed6g0prs","1eaplp24","","","2023-05-02T15:51:30.000Z","2023-05-02T15:51:30.000Z","laddsgtwccli-wrrc7","","","","1","Tesla V100-SXM2-32GB","ure-ga-r","false","uniform-cifar20","0.00001","resnet18","2","279","2.989849090576172","0.0784","0.08597777777777778","0.16313619810071858","0.7862266302108765","0.0838","279","2.989849090576172","0.0784","0.08597777777777778","0.16313619810071858","0.7862266302108765","0.0838","274","2.989932060241699","0.0755","0.08437777777777777","0.11265408518639478","0.8273825645446777","0.0854","2.989854097366333","0.0758","0.08266666666666667","0.1464629823511297","0.7883909344673157","0.0838"
"true-sweep-29","7cvsamjw","finished","-","anthony-wss","ure-ga-r","2023-05-02T15:12:58.000Z","1770","ed6g0prs","kn8a3mg7","","","2023-05-02T15:42:28.000Z","2023-05-02T15:42:28.000Z","rkcc19twccli-t5ddj","","","","1","Tesla V100-SXM2-32GB","ure-ga-r","false","uniform-cifar20","0.00005","resnet18","2","294","2.989741563796997","0.1133","0.11591111111111112","0.1342868215658448","0.8325033187866211","0.1138","284","2.9897632598876953","0.1099","0.11146666666666669","0.15892527997493744","0.8085812926292419","0.1118","269","2.990112781524658","0.1144","0.11662222222222222","0.17734310928393493","0.9354771375656128","0.1204","2.9899120330810547","0.1133","0.1150888888888889","0.15822181952270595","0.8868731260299683","0.1172"
"cool-sweep-28","hlvzz9jx","finished","-","anthony-wss","ure-ga-r","2023-05-02T14:52:24.000Z","1767","ed6g0prs","mn08v3ic","","","2023-05-02T15:21:51.000Z","2023-05-02T15:21:51.000Z","laddsgtwccli-wrrc7","","","","1","Tesla V100-SXM2-32GB","ure-ga-r","false","uniform-cifar20","0.0001","resnet18","2","274","2.989821672439575","0.1137","0.1134","0.20679500377313656","0.8514872789382935","0.1156","274","2.989821672439575","0.1137","0.1134","0.20679500377313656","0.8514872789382935","0.1156","259","2.9900145530700684","0.1185","0.1214","0.2089171812615611","0.923625349998474","0.1252","2.98982310295105","0.102","0.10233333333333332","0.17109425467523662","0.8608062267303467","0.1036"
"sweepy-sweep-27","7cvsamjw","finished","-","anthony-wss","ure-ga-r","2023-05-02T14:43:17.000Z","1772","ed6g0prs","6tca6atj","","","2023-05-02T15:12:49.000Z","2023-05-02T15:12:49.000Z","rkcc19twccli-t5ddj","","","","1","Tesla V100-SXM2-32GB","ure-ga-r","false","uniform-cifar20","0.0005","resnet18","2","289","2.9855124950408936","0.111","0.11651111111111112","0.22293991984968836","1.0461193323135376","0.1146","299","2.985654830932617","0.1128","0.11537777777777776","0.21767650612375952","1.0004031658172607","0.1138","214","2.988950252532959","0.1191","0.12088888888888888","0.4200908274135806","1.30909264087677","0.1252","2.985654830932617","0.1128","0.11537777777777776","0.21767650612375952","1.0004031658172607","0.1138"
"fearless-sweep-26","hlvzz9jx","finished","-","anthony-wss","ure-ga-r","2023-05-02T14:22:40.000Z","1776","ed6g0prs","pqy4rnxh","","","2023-05-02T14:52:16.000Z","2023-05-02T14:52:16.000Z","laddsgtwccli-wrrc7","","","","1","Tesla V100-SXM2-32GB","ure-ga-r","false","uniform-cifar20","0.001","resnet18","2","289","2.9801175594329834","0.1097","0.1108","0.12658928250047294","0.7761002779006958","0.1082","274","2.980804204940796","0.1062","0.11097777777777776","0.17077101225202734","0.754594624042511","0.1112","179","2.9853687286376953","0.1171","0.12126666666666666","0.2444780726324428","1.1780211925506592","0.123","2.980297565460205","0.1145","0.11693333333333332","0.15162461725148288","0.8094501495361328","0.118"
"graceful-sweep-25","7cvsamjw","finished","-","anthony-wss","ure-ga-r","2023-05-02T14:15:46.000Z","1643","ed6g0prs","xudd6w4p","","","2023-05-02T14:43:09.000Z","2023-05-02T14:43:09.000Z","rkcc19twccli-t5ddj","","","","1","Tesla V100-SXM2-32GB","ure-ga-r","false","uniform-cifar10","0.00001","resnet18","2","264","2.2804808616638184","0.172","0.18351111111111112","0.09994227642362769","0.3394353687763214","0.1696","264","2.2804808616638184","0.172","0.18351111111111112","0.09994227642362769","0.3394353687763214","0.1696","284","2.280731201171875","0.1811","0.19771111111111112","0.11989934606985612","0.366348534822464","0.1868","2.280792713165283","0.1816","0.19533333333333333","0.12146476994861256","0.36708664894104","0.1842"
"blooming-sweep-24","hlvzz9jx","finished","-","anthony-wss","ure-ga-r","2023-05-02T13:54:56.000Z","1655","ed6g0prs","3wbdprja","","","2023-05-02T14:22:31.000Z","2023-05-02T14:22:31.000Z","laddsgtwccli-wrrc7","","","","1","Tesla V100-SXM2-32GB","ure-ga-r","false","uniform-cifar10","0.00005","resnet18","2","299","2.2788524627685547","0.3106","0.3221777777777778","0.13738439841703934","0.4329174757003784","0.3","299","2.2788524627685547","0.3106","0.3221777777777778","0.13738439841703934","0.4329174757003784","0.3","294","2.27908992767334","0.3083","0.32126666666666664","0.14287804608995264","0.4343309104442597","0.31","2.2788524627685547","0.3106","0.3221777777777778","0.13738439841703934","0.4329174757003784","0.3"
"glorious-sweep-23","7cvsamjw","finished","-","anthony-wss","ure-ga-r","2023-05-02T13:48:17.000Z","1641","ed6g0prs","5okz5040","","","2023-05-02T14:15:38.000Z","2023-05-02T14:15:38.000Z","rkcc19twccli-t5ddj","","","","1","Tesla V100-SXM2-32GB","ure-ga-r","false","uniform-cifar10","0.0001","resnet18","2","294","2.2687530517578125","0.3696","0.37633333333333335","0.12705811654979532","0.3670041859149933","0.3468","294","2.2687530517578125","0.3696","0.37633333333333335","0.12705811654979532","0.3670041859149933","0.3468","289","2.2697184085845947","0.3741","0.38355555555555554","0.11102781647985632","0.39775779843330383","0.3636","2.269562005996704","0.3673","0.3766444444444445","0.12789898839863864","0.3708721101284027","0.3478"
"rich-sweep-22","hlvzz9jx","finished","-","anthony-wss","ure-ga-r","2023-05-02T13:27:10.000Z","1659","ed6g0prs","58mdy3xy","","","2023-05-02T13:54:49.000Z","2023-05-02T13:54:49.000Z","laddsgtwccli-wrrc7","","","","1","Tesla V100-SXM2-32GB","ure-ga-r","false","uniform-cifar10","0.0005","resnet18","2","289","2.255466938018799","0.4012","0.4108888888888889","0.11432532288811424","0.32219573855400085","0.3874","289","2.255466938018799","0.4012","0.4108888888888889","0.11432532288811424","0.32219573855400085","0.3874","239","2.2600162029266357","0.4056","0.41457777777777777","0.14055312424898148","0.4298495650291443","0.3912","2.2558960914611816","0.4063","0.4164888888888889","0.09470592777837408","0.36502590775489807","0.3894"
"apricot-sweep-21","7cvsamjw","finished","-","anthony-wss","ure-ga-r","2023-05-02T13:20:42.000Z","1645","ed6g0prs","b0i7anbp","","","2023-05-02T13:48:07.000Z","2023-05-02T13:48:07.000Z","rkcc19twccli-t5ddj","","","","1","Tesla V100-SXM2-32GB","ure-ga-r","false","uniform-cifar10","0.001","resnet18","2","294","2.252845525741577","0.3889","0.3996222222222222","0.09511538594961166","0.31325626373291016","0.373","294","2.252845525741577","0.3889","0.3996222222222222","0.09511538594961166","0.31325626373291016","0.373","239","2.255929946899414","0.4033","0.4207555555555555","0.1278290030631152","0.3707925379276275","0.3926","2.2530863285064697","0.3914","0.4082222222222222","0.11011330580169504","0.3432826101779938","0.3868"
"youthful-sweep-20","hlvzz9jx","finished","-","anthony-wss","fwd-u","2023-05-02T13:01:32.000Z","1529","ed6g0prs","xh9vnfnt","","","2023-05-02T13:27:01.000Z","2023-05-02T13:27:01.000Z","laddsgtwccli-wrrc7","","","","1","Tesla V100-SXM2-32GB","fwd-u","false","uniform-cifar20","0.00001","resnet18","2","39","2.9504270553588867","0.0973","0.1012","2.944613491947001","-9.667308807373049","0.1008","44","2.950434923171997","0.0967","0.10137777777777776","2.944556214592674","-9.732587814331056","0.101","74","2.95044207572937","0.0965","0.10071111111111113","2.9444531473246487","-9.027385711669922","0.1038","2.957348346710205","0.0912","0.09555555555555556","2.9519213383848015","-1.9835494756698608","0.095"
"fluent-sweep-19","7cvsamjw","finished","-","anthony-wss","fwd-u","2023-05-02T12:55:20.000Z","1517","ed6g0prs","rwua0t6g","","","2023-05-02T13:20:37.000Z","2023-05-02T13:20:37.000Z","rkcc19twccli-t5ddj","","","","1","Tesla V100-SXM2-32GB","fwd-u","false","uniform-cifar20","0.00005","resnet18","2","239","2.9487226009368896","0.0983","0.10406666666666668","2.9446078024127265","-3.0291194915771484","0.1066","19","2.949506998062134","0.1","0.10782222222222222","2.9446190026673404","-10.37403392791748","0.1038","289","2.9492900371551514","0.0975","0.10475555555555556","2.944598840041594","-2.0971908569335938","0.1078","2.94925594329834","0.0975","0.10411111111111113","2.944591535763307","-1.3882941007614136","0.1074"
"noble-sweep-18","hlvzz9jx","finished","-","anthony-wss","fwd-u","2023-05-02T12:35:57.000Z","1528","ed6g0prs","7xxs9k10","","","2023-05-02T13:01:25.000Z","2023-05-02T13:01:25.000Z","laddsgtwccli-wrrc7","","","","1","Tesla V100-SXM2-32GB","fwd-u","false","uniform-cifar20","0.0001","resnet18","2","144","2.9472458362579346","0.1183","0.12873333333333334","2.9448276568542826","-4.984647750854492","0.1238","19","2.9486160278320312","0.1192","0.12911111111111112","2.9446575966748325","-13.273991584777832","0.1296","114","2.9506590366363525","0.1205","0.1292222222222222","2.947775339538401","-4.142962455749512","0.134","2.9476988315582275","0.1033","0.10926666666666666","2.944576174020767","-2.071093797683716","0.1144"
"confused-sweep-17","7cvsamjw","finished","-","anthony-wss","fwd-u","2023-05-02T12:30:01.000Z","1509","ed6g0prs","65q4p335","","","2023-05-02T12:55:10.000Z","2023-05-02T12:55:10.000Z","rkcc19twccli-t5ddj","","","","1","Tesla V100-SXM2-32GB","fwd-u","false","uniform-cifar20","0.0005","resnet18","2","184","2.94649338722229","0.1424","0.14864444444444444","2.944686155427586","-4.8890581130981445","0.1462","114","2.947000741958618","0.1562","0.16035555555555556","2.9448331025513736","-5.193422794342041","0.1658","44","2.95190691947937","0.1607","0.1671777777777778","2.950524555011229","-3.6832897663116455","0.1692","2.9469876289367676","0.1449","0.1516888888888889","2.94468605518341","-4.313207149505615","0.1468"
"effortless-sweep-16","hlvzz9jx","finished","-","anthony-wss","fwd-u","2023-05-02T12:10:27.000Z","1521","ed6g0prs","g2n5g0jg","","","2023-05-02T12:35:48.000Z","2023-05-02T12:35:48.000Z","laddsgtwccli-wrrc7","","","","1","Tesla V100-SXM2-32GB","fwd-u","false","uniform-cifar20","0.001","resnet18","2","264","2.949333667755127","0.1177","0.11997777777777778","2.94611379775134","-2.3435254096984863","0.1176","109","2.9528326988220215","0.1096","0.1166","2.949359121647748","-3.600866317749023","0.1148","49","2.986179828643799","0.1287","0.12797777777777777","2.9854257621548395","1.1285864114761353","0.126","2.951305389404297","0.117","0.1179111111111111","2.947688354687257","-1.5613737106323242","0.1138"
"misty-sweep-15","7cvsamjw","finished","-","anthony-wss","fwd-u","2023-05-02T12:04:38.000Z","1514","ed6g0prs","dz72gpkh","","","2023-05-02T12:29:52.000Z","2023-05-02T12:29:52.000Z","rkcc19twccli-t5ddj","","","","1","Tesla V100-SXM2-32GB","fwd-u","false","uniform-cifar10","0.00001","resnet18","2","119","2.1979827880859375","0.2385","0.2544222222222222","2.197307039390911","-6.462177276611328","0.2338","84","2.198030948638916","0.2405","0.2563111111111111","2.1972651942209764","-7.268102645874023","0.235","19","2.202108383178711","0.2457","0.26126666666666665","2.201742177659815","-4.756227970123291","0.2394","2.1984524726867676","0.2386","0.2522","2.197230642492121","-5.444156169891357","0.2326"
"rare-sweep-14","hlvzz9jx","finished","-","anthony-wss","fwd-u","2023-05-02T11:44:53.000Z","1527","ed6g0prs","o7dhr28p","","","2023-05-02T12:10:20.000Z","2023-05-02T12:10:20.000Z","laddsgtwccli-wrrc7","","","","1","Tesla V100-SXM2-32GB","fwd-u","false","uniform-cifar10","0.00005","resnet18","2","184","2.1974282264709473","0.3211","0.3383111111111111","2.1973327967253597","-4.314573764801025","0.3204","24","2.1976723670959473","0.2767","0.29406666666666664","2.197361173954877","-8.075435638427734","0.2756","249","2.1977906227111816","0.3269","0.34575555555555554","2.19742202758789","-3.2774059772491455","0.3304","2.198124885559082","0.3228","0.3410666666666667","2.1974087872288446","-0.8458629250526428","0.3232"
"divine-sweep-13","7cvsamjw","finished","-","anthony-wss","fwd-u","2023-05-02T11:39:11.000Z","1520","ed6g0prs","r3ju8axx","","","2023-05-02T12:04:31.000Z","2023-05-02T12:04:31.000Z","rkcc19twccli-t5ddj","","","","1","Tesla V100-SXM2-32GB","fwd-u","false","uniform-cifar10","0.0001","resnet18","2","39","2.1979737281799316","0.3651","0.3811555555555556","2.1973464461890133","-8.90506362915039","0.3562","29","2.198029041290283","0.3693","0.3831333333333333","2.197398841381073","-8.978283882141113","0.3544","214","2.198230266571045","0.4364","0.4524222222222222","2.1975889856165107","-3.388559579849243","0.4262","2.198263645172119","0.4386","0.4534222222222222","2.197395378893072","-2.132084369659424","0.421"
"fine-sweep-12","hlvzz9jx","finished","-","anthony-wss","fwd-u","2023-05-02T11:19:27.000Z","1520","ed6g0prs","9jl70meo","","","2023-05-02T11:44:47.000Z","2023-05-02T11:44:47.000Z","laddsgtwccli-wrrc7","","","","1","Tesla V100-SXM2-32GB","fwd-u","false","uniform-cifar10","0.0005","resnet18","2","284","2.197417974472046","0.4712","0.4957555555555555","2.1974273784594103","-3.65394926071167","0.4678","104","2.1978254318237305","0.4715","0.4929777777777778","2.1974898143248125","-3.9804320335388184","0.4724","239","2.197758674621582","0.4774","0.4981333333333333","2.197407993403348","-3.369818687438965","0.4726","2.1974730491638184","0.4767","0.49777777777777776","2.1974178525534542","-2.749542236328125","0.4694"
"dutiful-sweep-11","7cvsamjw","finished","-","anthony-wss","fwd-u","2023-05-02T11:13:53.000Z","1511","ed6g0prs","mjyfc5bp","","","2023-05-02T11:39:04.000Z","2023-05-02T11:39:04.000Z","rkcc19twccli-t5ddj","","","","1","Tesla V100-SXM2-32GB","fwd-u","false","uniform-cifar10","0.001","resnet18","2","214","2.197406053543091","0.495","0.5136444444444445","2.197412582960996","-3.5271449089050293","0.4906","109","2.197563409805298","0.4889","0.5115555555555555","2.197481789372184","-3.6585631370544434","0.4778","209","2.1977627277374268","0.4938","0.5135777777777778","2.1978583823550832","-3.063387870788574","0.4924","2.201012134552002","0.4775","0.5022444444444445","2.200837555256757","-2.3598477840423584","0.4724"
"lyric-sweep-10","hlvzz9jx","finished","-","anthony-wss","ure-ga-u","2023-05-02T10:49:50.000Z","1768","ed6g0prs","vod6dkld","","","2023-05-02T11:19:18.000Z","2023-05-02T11:19:18.000Z","laddsgtwccli-wrrc7","","","","1","Tesla V100-SXM2-32GB","ure-ga-u","false","uniform-cifar20","0.00001","resnet18","2","299","2.989506483078003","0.0756","0.07644444444444444","0.14545029672709378","0.7581437230110168","0.064","299","2.989506483078003","0.0756","0.07644444444444444","0.14545029672709378","0.7581437230110168","0.064","269","2.989638090133667","0.0719","0.07673333333333333","0.1968316449360414","0.8344001770019531","0.0764","2.989506483078003","0.0756","0.07644444444444444","0.14545029672709378","0.7581437230110168","0.064"
"deft-sweep-9","7cvsamjw","finished","-","anthony-wss","ure-ga-u","2023-05-02T10:44:12.000Z","1775","ed6g0prs","68czxfxd","","","2023-05-02T11:13:47.000Z","2023-05-02T11:13:47.000Z","rkcc19twccli-t5ddj","","","","1","Tesla V100-SXM2-32GB","ure-ga-u","false","uniform-cifar20","0.00005","resnet18","2","299","2.989489793777466","0.1138","0.11426666666666668","0.15700645067475058","0.7521268725395203","0.117","299","2.989489793777466","0.1138","0.11426666666666668","0.15700645067475058","0.7521268725395203","0.117","289","2.98966908454895","0.1124","0.1179111111111111","0.15030283277684992","0.8379819393157959","0.1228","2.989489793777466","0.1138","0.11426666666666668","0.15700645067475058","0.7521268725395203","0.117"
"glorious-sweep-8","hlvzz9jx","finished","-","anthony-wss","ure-ga-u","2023-05-02T10:20:03.000Z","1776","ed6g0prs","pqmcksym","","","2023-05-02T10:49:39.000Z","2023-05-02T10:49:39.000Z","laddsgtwccli-wrrc7","","","","1","Tesla V100-SXM2-32GB","ure-ga-u","false","uniform-cifar20","0.0001","resnet18","2","299","2.988586902618408","0.1132","0.11313333333333334","0.18437372689897363","0.8362553715705872","0.1164","279","2.9888134002685547","0.1115","0.11228888888888888","0.1498588418418711","0.8069908022880554","0.119","204","2.989857912063598","0.1269","0.1275777777777778","0.1926581453193318","1.019946575164795","0.1292","2.988586902618408","0.1132","0.11313333333333334","0.18437372689897363","0.8362553715705872","0.1164"
"crisp-sweep-7","7cvsamjw","finished","-","anthony-wss","ure-ga-u","2023-05-02T10:14:32.000Z","1775","ed6g0prs","i2c40ha6","","","2023-05-02T10:44:07.000Z","2023-05-02T10:44:07.000Z","rkcc19twccli-t5ddj","","","","1","Tesla V100-SXM2-32GB","ure-ga-u","false","uniform-cifar20","0.0005","resnet18","2","299","2.9805915355682373","0.1157","0.11724444444444444","0.2059834518215873","0.9282920360565186","0.1178","299","2.9805915355682373","0.1157","0.11724444444444444","0.2059834518215873","0.9282920360565186","0.1178","179","2.988246202468872","0.1195","0.11988888888888888","0.3666417585177855","1.5204463005065918","0.123","2.9805915355682373","0.1157","0.11724444444444444","0.2059834518215873","0.9282920360565186","0.1178"
"sunny-sweep-6","hlvzz9jx","finished","-","anthony-wss","ure-ga-u","2023-05-02T09:50:23.000Z","1774","ed6g0prs","2uguv2nh","","","2023-05-02T10:19:57.000Z","2023-05-02T10:19:57.000Z","laddsgtwccli-wrrc7","","","","1","Tesla V100-SXM2-32GB","ure-ga-u","false","uniform-cifar20","0.001","resnet18","2","289","2.9805374145507812","0.1037","0.10615555555555556","0.1358096870509061","0.8367922902107239","0.1116","289","2.9805374145507812","0.1037","0.10615555555555556","0.1358096870509061","0.8367922902107239","0.1116","84","2.992898464202881","0.1253","0.12331111111111112","0.806160340254957","2.2918171882629395","0.1244","2.9810402393341064","0.1083","0.10942222222222224","0.11308640918948432","0.910731852054596","0.113"
"usual-sweep-5","7cvsamjw","finished","-","anthony-wss","ure-ga-u","2023-05-02T09:46:57.000Z","1647","ed6g0prs","4cck2qqj","","","2023-05-02T10:14:24.000Z","2023-05-02T10:14:24.000Z","rkcc19twccli-t5ddj","","","","1","Tesla V100-SXM2-32GB","ure-ga-u","false","uniform-cifar10","0.00001","resnet18","2","224","2.2805252075195312","0.1765","0.1845111111111111","0.1294526376507499","0.3430005609989166","0.166","284","2.280566453933716","0.1623","0.17353333333333334","0.1133905676278201","0.3421640396118164","0.1616","254","2.281251907348633","0.1758","0.18911111111111112","0.1328873485326767","0.4205452799797058","0.1822","2.280675172805786","0.1851","0.19442222222222225","0.13349445435133847","0.3625479340553284","0.1812"
"golden-sweep-4","hlvzz9jx","finished","-","anthony-wss","ure-ga-u","2023-05-02T09:22:42.000Z","1656","ed6g0prs","2dkf26ki","","","2023-05-02T09:50:18.000Z","2023-05-02T09:50:18.000Z","laddsgtwccli-wrrc7","","","","1","Tesla V100-SXM2-32GB","ure-ga-u","false","uniform-cifar10","0.00005","resnet18","2","299","2.2782771587371826","0.325","0.3373777777777778","0.13980351794849744","0.4401246905326843","0.3228","274","2.2783560752868652","0.3236","0.33315555555555554","0.14784053780815817","0.4262627363204956","0.3206","279","2.2792601585388184","0.3387","0.35055555555555556","0.16199808432297272","0.5024126768112183","0.3362","2.2782771587371826","0.325","0.3373777777777778","0.13980351794849744","0.4401246905326843","0.3228"
"mild-sweep-3","7cvsamjw","finished","-","anthony-wss","ure-ga-u","2023-05-02T09:19:25.000Z","1643","ed6g0prs","lviu0eaw","","","2023-05-02T09:46:48.000Z","2023-05-02T09:46:48.000Z","rkcc19twccli-t5ddj","","","","1","Tesla V100-SXM2-32GB","ure-ga-u","false","uniform-cifar10","0.0001","resnet18","2","299","2.2703895568847656","0.3515","0.3678888888888889","0.1194785393097184","0.3958545327186585","0.3396","299","2.2703895568847656","0.3515","0.3678888888888889","0.1194785393097184","0.3958545327186585","0.3396","264","2.272841453552246","0.3641","0.3760222222222222","0.13744127140803772","0.42431020736694336","0.3594","2.2703895568847656","0.3515","0.3678888888888889","0.1194785393097184","0.3958545327186585","0.3396"
"cool-sweep-2","hlvzz9jx","finished","-","anthony-wss","ure-ga-u","2023-05-02T08:55:02.000Z","1653","ed6g0prs","1w34yi9x","","","2023-05-02T09:22:35.000Z","2023-05-02T09:22:35.000Z","laddsgtwccli-wrrc7","","","","1","Tesla V100-SXM2-32GB","ure-ga-u","false","uniform-cifar10","0.0005","resnet18","2","299","2.256934642791748","0.3951","0.4050888888888889","0.1230413636023348","0.37008538842201233","0.3818","294","2.256995677947998","0.3866","0.4013777777777778","0.10775504125790164","0.3535511791706085","0.392","259","2.258754014968872","0.3975","0.4091555555555555","0.12714056535200638","0.3931349813938141","0.393","2.256934642791748","0.3951","0.4050888888888889","0.1230413636023348","0.37008538842201233","0.3818"
"solar-sweep-1","7cvsamjw","finished","-","anthony-wss","ure-ga-u","2023-05-02T08:52:11.000Z","1630","ed6g0prs","nf1t1j32","","","2023-05-02T09:19:21.000Z","2023-05-02T09:19:21.000Z","rkcc19twccli-t5ddj","","","","1","Tesla V100-SXM2-32GB","ure-ga-u","false","uniform-cifar10","0.001","resnet18","2","294","2.251189947128296","0.3979","0.41657777777777777","0.10620010576464912","0.351083904504776","0.3928","284","2.2512447834014893","0.3925","0.40842222222222224","0.0944840433922681","0.31991100311279297","0.3788","294","2.251189947128296","0.3979","0.41657777777777777","0.10620010576464912","0.351083904504776","0.3928","2.251405715942383","0.3889","0.40553333333333336","0.09239255501465364","0.3385744094848633","0.3774"