"Name","State","Notes","User","Tags","Created","Runtime","Sweep","ID","Group","Job Type","Updated","End Time","Hostname","Description","Commit","GitHub","GPU Count","GPU Type","algo","data_aug","dataset_name","lr","model","seed","best_epoch-scel.epoch","best_epoch-scel.scel","best_epoch-scel.test_acc","best_epoch-scel.train_acc","best_epoch-scel.training_loss","best_epoch-scel.ure","best_epoch-scel.valid_acc","best_epoch-ure.epoch","best_epoch-ure.scel","best_epoch-ure.test_acc","best_epoch-ure.train_acc","best_epoch-ure.training_loss","best_epoch-ure.ure","best_epoch-ure.valid_acc","best_epoch-valid_acc.epoch","best_epoch-valid_acc.scel","best_epoch-valid_acc.test_acc","best_epoch-valid_acc.train_acc","best_epoch-valid_acc.training_loss","best_epoch-valid_acc.ure","best_epoch-valid_acc.valid_acc","scel","test_acc","train_acc","training_loss","ure","valid_acc"
"crimson-sweep-52","finished","-","anthony-wss","scl-nl","2023-04-24T21:08:45.000Z","4441","2z2ru6yg","nqyxduv7","","","2023-04-24T22:22:46.000Z","2023-04-24T22:22:46.000Z","qjwq80twccli-vc5ck","","","","1","Tesla V100-SXM2-32GB","scl-nl","true","clcifar10-noiseless","0.0005","m-resnet18","0","274","2.1642184257507324","0.6356","0.6417644472216436","0.005164773754008553","-1.744470477104187","0.6367423453447199","274","2.1642184257507324","0.6356","0.6417644472216436","0.005164773754008553","-1.744470477104187","0.6367423453447199","214","2.167375087738037","0.6389","0.6518780809553565","0.00807518819347024","-1.3908405303955078","0.6477817121433035","2.1675236225128174","0.6376","0.6476891388368164","0.007410355862777899","-1.443218231201172","0.6373672151635076"
"eager-sweep-42","finished","-","anthony-wss","scl-exp","2023-04-24T18:39:15.000Z","4461","2z2ru6yg","clttw2oj","","","2023-04-24T19:53:36.000Z","2023-04-24T19:53:36.000Z","eiqtb5twccli-c57rr","","","","1","Tesla V100-SXM2-32GB","scl-exp","true","clcifar10-noiseless","0.0005","m-resnet18","0","264","2.173234701156616","0.6174","0.6251243953805921","1.0080796494203454","-1.1091521978378296","0.6286190377004791","294","2.17480993270874","0.6282","0.635423175727279","1.008407930766835","-1.1276832818984983","0.6325765465528015","239","2.1793386936187744","0.6294","0.6411858640560995","1.0112340520409977","-0.8093637824058533","0.6434076234117893","2.174994945526123","0.6279","0.6337568562105117","1.008432419159833","-1.0432426929473877","0.6315350968548219"
"firm-sweep-12","finished","-","anthony-wss","fwd-u","2023-04-24T11:01:29.000Z","4425","2z2ru6yg","lhh4etuo","","","2023-04-24T12:15:14.000Z","2023-04-24T12:15:14.000Z","eiqtb5twccli-c57rr","","","","1","Tesla V100-SXM2-32GB","fwd-u","true","clcifar10-noiseless","0.0005","m-resnet18","0","244","2.1655125617980957","0.6212","0.6290819042329144","2.2035705482258514","-1.6659879684448242","0.6115392626536138","244","2.1655125617980957","0.6212","0.6290819042329144","2.2035705482258514","-1.6659879684448242","0.6115392626536138","224","2.166938543319702","0.6484","0.6545627068434817","2.20506435843075","-1.4146782159805298","0.6527806706936055","2.168907165527344","0.6259","0.6340577194565947","2.206318468206069","-1.4008067846298218","0.621328889814622"
"valiant-sweep-51","finished","-","anthony-wss","scl-nl","2023-04-24T21:06:08.000Z","4432","2z2ru6yg","b2jo9hxc","","","2023-04-24T22:20:00.000Z","2023-04-24T22:20:00.000Z","tktimhtwccli-bdj8w","","","","1","Tesla V100-SXM2-32GB","scl-nl","true","clcifar10-noiseless","0.001","m-resnet18","0","279","2.1763033866882324","0.5831","0.5921914415978152","0.015902436283581397","-0.9653799533843994","0.5840449906269527","279","2.1763033866882324","0.5831","0.5921914415978152","0.015902436283581397","-0.9653799533843994","0.5840449906269527","274","2.1763410568237305","0.6076","0.6090397833784629","0.01632232969517217","-0.8130386471748352","0.6046656946469485","2.1767795085906982","0.5956","0.5946677775463445","0.016332071181386708","-0.8585657477378845","0.5809206415330139"
"drawn-sweep-31","finished","-","anthony-wss","fwd-r","2023-04-24T16:07:45.000Z","4441","2z2ru6yg","dsylhee2","","","2023-04-24T17:21:46.000Z","2023-04-24T17:21:46.000Z","tktimhtwccli-bdj8w","","","","1","Tesla V100-SXM2-32GB","fwd-r","true","clcifar10-noiseless","0.001","m-resnet18","0","299","2.146547317504883","0.5925","0.5952000740586452","2.1465469809139477","-1.1961666345596311","0.5921682982711935","249","2.149012327194214","0.5791","0.5868684764748084","2.1490127815919764","-1.2852590084075928","0.5813372214122058","134","2.169067144393921","0.6079","0.607118887268856","2.1690669312196618","-0.5608718991279602","0.6159133513851281","2.146547317504883","0.5925","0.5952000740586452","2.1465469809139477","-1.1961666345596311","0.5921682982711935"
"curious-sweep-32","finished","-","anthony-wss","fwd-r","2023-04-24T16:09:22.000Z","4455","2z2ru6yg","jidlntag","","","2023-04-24T17:23:37.000Z","2023-04-24T17:23:37.000Z","eiqtb5twccli-c57rr","","","","1","Tesla V100-SXM2-32GB","fwd-r","true","clcifar10-noiseless","0.0005","m-resnet18","0","299","2.117746114730835","0.5871","0.5851790136314193","2.117746448516846","-1.5530587434768677","0.5967506769423037","244","2.1254916191101074","0.5964","0.5923997315374112","2.125491470449111","-1.632657766342163","0.5932097479691731","109","2.1538193225860596","0.6348","0.6397046911523062","2.1538194544175093","-0.9742491245269777","0.6367423453447199","2.117746114730835","0.5871","0.5851790136314193","2.117746448516846","-1.5530587434768677","0.5967506769423037"
"celestial-sweep-11","finished","-","anthony-wss","fwd-u","2023-04-24T11:00:01.000Z","4427","2z2ru6yg","9h2492bi","","","2023-04-24T12:13:48.000Z","2023-04-24T12:13:48.000Z","tktimhtwccli-bdj8w","","","","1","Tesla V100-SXM2-32GB","fwd-u","true","clcifar10-noiseless","0.001","m-resnet18","0","269","2.175901412963867","0.5888","0.6009396190608438","2.211921324449427","-0.9844214916229248","0.593418037908769","279","2.1761529445648193","0.5539","0.5633317133004698","2.212363613353056","-1.1142069101333618","0.5611330972714018","254","2.1784093379974365","0.5815","0.5961952371033813","2.214790798636044","-0.8218797445297241","0.5975838367006874","2.1782734394073486","0.5866","0.5966581036358166","2.2141809407402486","-0.9336642026901244","0.5852947302645283"
"peach-sweep-43","finished","-","anthony-wss","scl-exp","2023-04-24T18:39:32.000Z","4438","2z2ru6yg","1e62unux","","","2023-04-24T19:53:30.000Z","2023-04-24T19:53:30.000Z","qjwq80twccli-vc5ck","","","","1","Tesla V100-SXM2-32GB","scl-exp","true","clcifar10-noiseless","0.0001","m-resnet18","0","229","2.167570114135742","0.5846","0.5958712305306765","1.0024598766775692","-2.7760300636291504","0.5815455113518017","229","2.167570114135742","0.5846","0.5958712305306765","1.0024598766775692","-2.7760300636291504","0.5815455113518017","259","2.1708712577819824","0.5822","0.5944826309333704","1.003736236516167","-2.6108267307281494","0.5927931680899813","2.1694061756134033","0.576","0.5867759031683214","1.0031993894016042","-2.5928704738616943","0.5705061445532181"
"cosmic-sweep-53","finished","-","anthony-wss","scl-nl","2023-04-24T21:09:33.000Z","4482","2z2ru6yg","x0ywf03p","","","2023-04-24T22:24:15.000Z","2023-04-24T22:24:15.000Z","eiqtb5twccli-c57rr","","","","1","Tesla V100-SXM2-32GB","scl-nl","true","clcifar10-noiseless","0.0001","m-resnet18","0","189","2.1650214195251465","0.5759","0.5961258071235159","0.0024809587219565667","-2.826457262039185","0.578212872318267","254","2.1655783653259277","0.5971","0.5979772732532574","0.0024434074691003734","-2.8930227756500244","0.5792543220162466","199","2.1682679653167725","0.5825","0.5919600083315976","0.005491964846356388","-2.4980156421661377","0.5871693397208915","2.1678764820098877","0.5744","0.5849012937119582","0.003837841253398972","-2.812044143676758","0.568214955217663"
"hopeful-sweep-72","finished","-","anthony-wss","l-uw","2023-04-25T02:07:35.000Z","4438","2z2ru6yg","mo0flc0t","","","2023-04-25T03:21:33.000Z","2023-04-25T03:21:33.000Z","qjwq80twccli-vc5ck","","","","1","Tesla V100-SXM2-32GB","l-uw","true","clcifar10-noiseless","0.0005","m-resnet18","0","294","2.162070035934448","0.5679","0.5687241084033419","2.2320109788109272","-2.316824197769165","0.5567590085398876","294","2.162070035934448","0.5679","0.5687241084033419","2.2320109788109272","-2.316824197769165","0.5567590085398876","164","2.1682395935058594","0.591","0.59971302274989","2.236501351524802","-1.3489410877227783","0.5930014580295772","2.164821147918701","0.5622","0.567219792172927","2.2331205255845012","-2.109452962875366","0.5582170381170589"
"deft-sweep-13","finished","-","anthony-wss","fwd-u","2023-04-24T11:01:36.000Z","4446","2z2ru6yg","713s275d","","","2023-04-24T12:15:42.000Z","2023-04-24T12:15:42.000Z","qjwq80twccli-vc5ck","","","","1","Tesla V100-SXM2-32GB","fwd-u","true","clcifar10-noiseless","0.0001","m-resnet18","0","194","2.1647160053253174","0.5885","0.5923534448841676","2.200011505800135","-2.7584846019744873","0.578421162257863","244","2.1654350757598877","0.5937","0.5974449767409568","2.200129814708934","-2.8510611057281494","0.5890439491772548","269","2.1662094593048096","0.6035","0.6052674211391146","2.20042669913348","-2.6886048316955566","0.593418037908769","2.1676135063171387","0.5592","0.5740239301997269","2.2011186235091267","-2.812798976898194","0.5571755884190793"
"fanciful-sweep-41","finished","-","anthony-wss","scl-exp","2023-04-24T18:36:59.000Z","4433","2z2ru6yg","8bi9xby3","","","2023-04-24T19:50:52.000Z","2023-04-24T19:50:52.000Z","tktimhtwccli-bdj8w","","","","1","Tesla V100-SXM2-32GB","scl-exp","true","clcifar10-noiseless","0.001","m-resnet18","0","284","2.1892664432525635","0.5203","0.5262561040523965","1.0182953413795022","-0.4684229791164398","0.5273901270568632","279","2.1918680667877197","0.5475","0.5494225740007869","1.0200684182784137","-0.5124512314796448","0.538012913976255","299","2.189890146255493","0.5541","0.5566895785600222","1.017674648060518","-0.5093708634376526","0.5588419079358466","2.189890146255493","0.5541","0.5566895785600222","1.017674648060518","-0.5093708634376526","0.5588419079358466"
"comic-sweep-14","finished","-","anthony-wss","fwd-u","2023-04-24T11:01:52.000Z","4455","2z2ru6yg","snf346xo","","","2023-04-24T12:16:07.000Z","2023-04-24T12:16:07.000Z","y5tqzdtwccli-2jtnp","","","","1","Tesla V100-SXM2-32GB","fwd-u","true","clcifar10-noiseless","0.00005","m-resnet18","0","299","2.167243242263794","0.5474","0.5559027054548821","2.1991002896252803","-3.7066686153411865","0.5434284524057488","299","2.167243242263794","0.5474","0.5559027054548821","2.1991002896252803","-3.7066686153411865","0.5434284524057488","299","2.167243242263794","0.5474","0.5559027054548821","2.1991002896252803","-3.7066686153411865","0.5434284524057488","2.167243242263794","0.5474","0.5559027054548821","2.1991002896252803","-3.7066686153411865","0.5434284524057488"
"vibrant-sweep-44","finished","-","anthony-wss","scl-exp","2023-04-24T18:41:26.000Z","4453","2z2ru6yg","s89zffot","","","2023-04-24T19:55:39.000Z","2023-04-24T19:55:39.000Z","y5tqzdtwccli-2jtnp","","","","1","Tesla V100-SXM2-32GB","scl-exp","true","clcifar10-noiseless","0.00005","m-resnet18","0","284","2.1702442169189453","0.5364","0.5441690388576454","1.0019579929464004","-3.3755486011505127","0.5311393459695897","214","2.171637773513794","0.527","0.5416232729292508","1.0027915267383352","-3.4338881969451904","0.5286398666944386","234","2.1725993156433105","0.5296","0.5381517739359856","1.003664273374221","-3.1129722595214844","0.5407206831910019","2.171715259552002","0.5415","0.5528940729940521","1.002352352703319","-3.272634744644165","0.538012913976255"
"misunderstood-sweep-54","finished","-","anthony-wss","scl-nl","2023-04-24T21:11:23.000Z","4468","2z2ru6yg","pborq977","","","2023-04-24T22:25:51.000Z","2023-04-24T22:25:51.000Z","y5tqzdtwccli-2jtnp","","","","1","Tesla V100-SXM2-32GB","scl-nl","true","clcifar10-noiseless","0.00005","m-resnet18","0","279","2.1658565998077393","0.5509","0.5598602143072046","0.0009065986480837798","-3.9560530185699463","0.5490522807748386","279","2.1658565998077393","0.5509","0.5598602143072046","0.0009065986480837798","-3.9560530185699463","0.5490522807748386","279","2.1658565998077393","0.5509","0.5598602143072046","0.0009065986480837798","-3.9560530185699463","0.5490522807748386","2.169297218322754","0.534","0.5435441690388576","0.003056905396036146","-3.360764503479004","0.5325973755467611"
"serene-sweep-22","finished","-","anthony-wss","ure-ga-r","2023-04-24T13:30:23.000Z","4645","2z2ru6yg","tx1tokhd","","","2023-04-24T14:47:48.000Z","2023-04-24T14:47:48.000Z","eiqtb5twccli-c57rr","","","","1","Tesla V100-SXM2-32GB","ure-ga-r","true","clcifar10-noiseless","0.0005","m-resnet18","0","299","2.213575601577759","0.5309","0.5287787266541693","0.2219456163180225","0.6609009504318237","0.5265569672984795","299","2.213575601577759","0.5309","0.5287787266541693","0.2219456163180225","0.6609009504318237","0.5265569672984795","294","2.215531349182129","0.5421","0.5420629961350645","0.2783357831704266","0.7322084903717041","0.555509268902312","2.213575601577759","0.5309","0.5287787266541693","0.2219456163180225","0.6609009504318237","0.5265569672984795"
"gallant-sweep-71","finished","-","anthony-wss","l-uw","2023-04-25T02:04:43.000Z","4430","2z2ru6yg","25k11dk9","","","2023-04-25T03:18:33.000Z","2023-04-25T03:18:33.000Z","tktimhtwccli-bdj8w","","","","1","Tesla V100-SXM2-32GB","l-uw","true","clcifar10-noiseless","0.001","m-resnet18","0","279","2.1896445751190186","0.5178","0.5332685320187924","2.2467040258295397","-0.34640103578567505","0.5296813163924182","279","2.1896445751190186","0.5178","0.5332685320187924","2.2467040258295397","-0.34640103578567505","0.5296813163924182","169","2.2014000415802","0.5281","0.5394478002268046","2.252449131011963","0.3449493944644928","0.5417621328889815","2.1898000240325928","0.5258","0.5266263972783448","2.2463076563442455","-0.26328423619270325","0.5157258904394918"
"pleasant-sweep-21","finished","-","anthony-wss","ure-ga-r","2023-04-24T13:28:57.000Z","4635","2z2ru6yg","2ifhrzys","","","2023-04-24T14:46:12.000Z","2023-04-24T14:46:12.000Z","tktimhtwccli-bdj8w","","","","1","Tesla V100-SXM2-32GB","ure-ga-r","true","clcifar10-noiseless","0.001","m-resnet18","0","274","2.2166433334350586","0.485","0.4810340438334606","0.2794341170612504","0.7688423991203308","0.4649031451780879","274","2.2166433334350586","0.485","0.4810340438334606","0.2794341170612504","0.7688423991203308","0.4649031451780879","289","2.2179911136627197","0.5152","0.5194288226989747","0.2814223605920287","0.7803346514701843","0.5073942928556551","2.2176191806793213","0.5097","0.501400171260617","0.28129672088167246","0.7807146906852722","0.502603624244949"
"lively-sweep-62","finished","-","anthony-wss","l-w","2023-04-24T23:38:04.000Z","4445","2z2ru6yg","376m38kl","","","2023-04-25T00:52:09.000Z","2023-04-25T00:52:09.000Z","qjwq80twccli-vc5ck","","","","1","Tesla V100-SXM2-32GB","l-w","true","clcifar10-noiseless","0.0005","m-resnet18","0","289","2.1616737842559814","0.4602","0.46855979078432736","2.4760757081648883","-2.7475788593292236","0.4632368256613206","289","2.1616737842559814","0.4602","0.46855979078432736","2.4760757081648883","-2.7475788593292236","0.4632368256613206","79","2.1972694396972656","0.5633","0.5638640098127705","2.492505511115579","0.4092845320701599","0.5600916475734222","2.164381980895996","0.4943","0.49980328172371496","2.477060629339779","-2.5149903297424316","0.49989585503020206"
"glamorous-sweep-15","finished","-","anthony-wss","fwd-u","2023-04-24T11:03:45.000Z","4476","2z2ru6yg","1sq27gif","","","2023-04-24T12:18:21.000Z","2023-04-24T12:18:21.000Z","e32985twccli-mqj6q","","","","1","Tesla V100-SXM2-32GB","fwd-u","true","clcifar10-noiseless","0.00001","m-resnet18","0","299","2.1720213890075684","0.4812","0.4918188340392048","2.200931697733262","-3.6217598915100098","0.4757342220370756","299","2.1720213890075684","0.4812","0.4918188340392048","2.200931697733262","-3.6217598915100098","0.4757342220370756","239","2.175504207611084","0.4819","0.4892267814575667","2.204872798919678","-2.8835132122039795","0.48344094980212454","2.1720213890075684","0.4812","0.4918188340392048","2.200931697733262","-3.6217598915100098","0.4757342220370756"
"fine-sweep-55","finished","-","anthony-wss","scl-nl","2023-04-24T21:15:04.000Z","4475","2z2ru6yg","zvsnidl6","","","2023-04-24T22:29:39.000Z","2023-04-24T22:29:39.000Z","e32985twccli-mqj6q","","","","1","Tesla V100-SXM2-32GB","scl-nl","true","clcifar10-noiseless","0.00001","m-resnet18","0","299","2.1715149879455566","0.4781","0.4907773843412252","0.0035523534245679484","-3.6977345943450928","0.47760883149343886","299","2.1715149879455566","0.4781","0.4907773843412252","0.0035523534245679484","-3.6977345943450928","0.47760883149343886","214","2.175546646118164","0.4773","0.4836260964150987","0.008231700192589094","-2.6298441886901855","0.4780254113726307","2.1715149879455566","0.4781","0.4907773843412252","0.0035523534245679484","-3.6977345943450928","0.47760883149343886"
"glorious-sweep-45","finished","-","anthony-wss","scl-exp","2023-04-24T18:44:36.000Z","4475","2z2ru6yg","8p3jcscw","","","2023-04-24T19:59:11.000Z","2023-04-24T19:59:11.000Z","e32985twccli-mqj6q","","","","1","Tesla V100-SXM2-32GB","scl-exp","true","clcifar10-noiseless","0.00001","m-resnet18","0","269","2.17714262008667","0.4668","0.4807563239139994","1.0048403108821196","-3.1737499237060547","0.4669860445740471","299","2.1788341999053955","0.4678","0.4753176421578838","1.004602562679964","-3.632582902908325","0.45948760674859407","239","2.1812522411346436","0.4723","0.47878914115114907","1.0070799238541548","-2.7923741340637207","0.4753176421578838","2.1788341999053955","0.4678","0.4753176421578838","1.004602562679964","-3.632582902908325","0.45948760674859407"
"legendary-sweep-23","finished","-","anthony-wss","ure-ga-r","2023-04-24T13:31:12.000Z","4637","2z2ru6yg","cnmj29y6","","","2023-04-24T14:48:29.000Z","2023-04-24T14:48:29.000Z","qjwq80twccli-vc5ck","","","","1","Tesla V100-SXM2-32GB","ure-ga-r","true","clcifar10-noiseless","0.0001","m-resnet18","0","299","2.225022792816162","0.4657","0.4707815501400171","0.2169636423973476","0.7560823559761047","0.4682357842116226","299","2.225022792816162","0.4657","0.4707815501400171","0.2169636423973476","0.7560823559761047","0.4682357842116226","229","2.229726791381836","0.5007","0.4851072693188919","0.29647515300003924","0.9154738783836364","0.4861487190168715","2.225022792816162","0.4657","0.4707815501400171","0.2169636423973476","0.7560823559761047","0.4682357842116226"
"upbeat-sweep-4","finished","-","anthony-wss","ure-ga-u","2023-04-24T07:06:27.000Z","4664","2z2ru6yg","eeza47dx","","","2023-04-24T08:24:11.000Z","2023-04-24T08:24:11.000Z","e32985twccli-mqj6q","","","","1","Tesla V100-SXM2-32GB","ure-ga-u","true","clcifar10-noiseless","0.00005","m-resnet18","0","299","2.239421129226685","0.461","0.4451618875697193","0.2203219554003547","1.2471071481704712","0.4459487606748594","289","2.24086332321167","0.4635","0.45270661204841584","0.17677344644770904","1.2364542484283447","0.4392834826077901","254","2.2413554191589355","0.4571","0.4380337429702145","0.17940420122707593","1.2784037590026855","0.4557383878358675","2.239421129226685","0.461","0.4451618875697193","0.2203219554003547","1.2471071481704712","0.4459487606748594"
"faithful-sweep-61","finished","-","anthony-wss","l-w","2023-04-24T23:35:18.000Z","4440","2z2ru6yg","zbcmrido","","","2023-04-25T00:49:18.000Z","2023-04-25T00:49:18.000Z","tktimhtwccli-bdj8w","","","","1","Tesla V100-SXM2-32GB","l-w","true","clcifar10-noiseless","0.001","m-resnet18","0","289","2.2013065814971924","0.4632","0.4615242194913097","2.493426524891573","0.31796523928642273","0.4540720683191002","299","2.2016353607177734","0.4572","0.4651345784443056","2.493422861660228","0.2388196438550949","0.44365757133930434","249","2.206925392150879","0.4688","0.4735124626813858","2.495217514038086","0.47389766573905945","0.46406998541970423","2.2016353607177734","0.4572","0.4651345784443056","2.493422861660228","0.2388196438550949","0.44365757133930434"
"sunny-sweep-35","finished","-","anthony-wss","fwd-r","2023-04-24T16:13:46.000Z","4487","2z2ru6yg","j80fj5gt","","","2023-04-24T17:28:33.000Z","2023-04-24T17:28:33.000Z","e32985twccli-mqj6q","","","","1","Tesla V100-SXM2-32GB","fwd-r","true","clcifar10-noiseless","0.00001","m-resnet18","0","299","2.1330838203430176","0.4503","0.4604827697933301","2.133084072786219","-2.224606990814209","0.4542803582586961","299","2.1330838203430176","0.4503","0.4604827697933301","2.133084072786219","-2.224606990814209","0.4542803582586961","199","2.154597043991089","0.4729","0.4758036520169409","2.154596783133114","-1.3135461807250977","0.48031660070818577","2.1330838203430176","0.4503","0.4604827697933301","2.133084072786219","-2.224606990814209","0.4542803582586961"
"still-sweep-24","finished","-","anthony-wss","ure-ga-r","2023-04-24T13:31:40.000Z","4659","2z2ru6yg","cn3o4i6d","","","2023-04-24T14:49:19.000Z","2023-04-24T14:49:19.000Z","y5tqzdtwccli-2jtnp","","","","1","Tesla V100-SXM2-32GB","ure-ga-r","true","clcifar10-noiseless","0.00005","m-resnet18","0","279","2.2273778915405273","0.4483","0.44523131754958456","0.21543570124708555","0.6754741072654724","0.4392834826077901","279","2.2273778915405273","0.4483","0.44523131754958456","0.21543570124708555","0.6754741072654724","0.4392834826077901","254","2.2317655086517334","0.4603","0.44953597630123354","0.2912749641629703","0.8272331953048706","0.4601124765673818","2.2294135093688965","0.4435","0.4380105996435928","0.2248372649006984","0.6920112371444702","0.441782961882941"
"electric-sweep-75","finished","-","anthony-wss","l-uw","2023-04-25T02:16:18.000Z","4477","2z2ru6yg","tp6gtu3z","","","2023-04-25T03:30:55.000Z","2023-04-25T03:30:55.000Z","e32985twccli-mqj6q","","","","1","Tesla V100-SXM2-32GB","l-uw","true","clcifar10-noiseless","0.00001","m-resnet18","0","284","2.1706767082214355","0.4294","0.43882061607535466","2.2291623143588795","-4.6137614250183105","0.424286606956884","299","2.1708858013153076","0.4252","0.4349556805295194","2.2284307087168975","-4.996963977813721","0.4234534471985003","104","2.1957569122314453","0.4633","0.4638848388067301","2.245534927704755","-0.8632554411888123","0.46073734638616953","2.1708858013153076","0.4252","0.4349556805295194","2.2284307087168975","-4.996963977813721","0.4234534471985003"
"eternal-sweep-5","finished","-","anthony-wss","ure-ga-u","2023-04-24T08:24:16.000Z","4666","2z2ru6yg","0y8rp1en","","","2023-04-24T09:42:02.000Z","2023-04-24T09:42:02.000Z","e32985twccli-mqj6q","","","","1","Tesla V100-SXM2-32GB","ure-ga-u","true","clcifar10-noiseless","0.00001","m-resnet18","0","264","2.244421005249023","0.3931","0.3752458978453563","0.22770745333503276","1.3249993324279783","0.373672151635076","299","2.2450733184814453","0.4062","0.3870027077692147","0.17639657609602985","1.2646671533584597","0.38846073734638614","289","2.245789051055908","0.4","0.3883913073665209","0.2495136590564952","1.28094744682312","0.38971047698396166","2.2450733184814453","0.4062","0.3870027077692147","0.17639657609602985","1.2646671533584597","0.38846073734638614"
"bright-sweep-3","finished","-","anthony-wss","ure-ga-u","2023-04-24T05:48:35.000Z","4664","2z2ru6yg","xrc0l1aa","","","2023-04-24T07:06:19.000Z","2023-04-24T07:06:19.000Z","e32985twccli-mqj6q","","","","1","Tesla V100-SXM2-32GB","ure-ga-u","true","clcifar10-noiseless","0.0001","m-resnet18","0","289","2.23974347114563","0.4657","0.45402578166585666","0.2423493167933296","1.409160614013672","0.4532389085607165","279","2.2411818504333496","0.4814","0.46677775463445115","0.2207833921208101","1.4057419300079346","0.46302853572172464","279","2.2411818504333496","0.4814","0.46677775463445115","0.2207833921208101","1.4057419300079346","0.46302853572172464","2.2398149967193604","0.4051","0.3967691916036011","0.19481419184628657","1.426610827445984","0.4076234117892106"
"feasible-sweep-25","finished","-","anthony-wss","ure-ga-r","2023-04-24T13:34:26.000Z","4660","2z2ru6yg","uzx3j39m","","","2023-04-24T14:52:06.000Z","2023-04-24T14:52:06.000Z","e32985twccli-mqj6q","","","","1","Tesla V100-SXM2-32GB","ure-ga-r","true","clcifar10-noiseless","0.00001","m-resnet18","0","299","2.2370686531066895","0.4044","0.39193223633965146","0.17798282043898808","0.6983569264411926","0.3924182461987086","299","2.2370686531066895","0.4044","0.39193223633965146","0.17798282043898808","0.6983569264411926","0.3924182461987086","229","2.2390589714050293","0.4073","0.3901270568631535","0.3352662628516555","0.7702674269676208","0.40491564257446366","2.2370686531066895","0.4044","0.39193223633965146","0.17798282043898808","0.6983569264411926","0.3924182461987086"
"curious-sweep-65","finished","-","anthony-wss","l-w","2023-04-24T23:45:35.000Z","4482","2z2ru6yg","owb3x7xd","","","2023-04-25T01:00:17.000Z","2023-04-25T01:00:17.000Z","e32985twccli-mqj6q","","","","1","Tesla V100-SXM2-32GB","l-w","true","clcifar10-noiseless","0.00001","m-resnet18","0","299","2.1691839694976807","0.3837","0.39341340924344465","2.4710958088145536","-6.11841344833374","0.3865861278900229","299","2.1691839694976807","0.3837","0.39341340924344465","2.4710958088145536","-6.11841344833374","0.3865861278900229","84","2.201303243637085","0.4502","0.44858709990974105","2.490840435028076","-0.44787150621414185","0.4586544469902103","2.1691839694976807","0.3837","0.39341340924344465","2.4710958088145536","-6.11841344833374","0.3865861278900229"
"lively-sweep-34","finished","-","anthony-wss","fwd-r","2023-04-24T16:11:21.000Z","4461","2z2ru6yg","6kkx6d5x","","","2023-04-24T17:25:42.000Z","2023-04-24T17:25:42.000Z","y5tqzdtwccli-2jtnp","","","","1","Tesla V100-SXM2-32GB","fwd-r","true","clcifar10-noiseless","0.00005","m-resnet18","0","299","2.049558162689209","0.3747","0.3711032423800597","2.0495579831740436","-3.7601523399353023","0.3715892522391169","299","2.049558162689209","0.3747","0.3711032423800597","2.0495579831740436","-3.7601523399353023","0.3715892522391169","69","2.149261236190796","0.514","0.525006364414821","2.149261101554422","-1.6444779634475708","0.5134347011039366","2.049558162689209","0.3747","0.3711032423800597","2.0495579831740436","-3.7601523399353023","0.3715892522391169"
"pretty-sweep-33","finished","-","anthony-wss","fwd-r","2023-04-24T16:10:06.000Z","4445","2z2ru6yg","wej3o8ek","","","2023-04-24T17:24:11.000Z","2023-04-24T17:24:11.000Z","qjwq80twccli-vc5ck","","","","1","Tesla V100-SXM2-32GB","fwd-r","true","clcifar10-noiseless","0.0001","m-resnet18","0","289","2.04783296585083","0.3805","0.37186697215857806","2.0478328788981717","-2.4670262336730957","0.3865861278900229","244","2.0662097930908203","0.4146","0.41250665370640377","2.066209543452543","-2.728186845779419","0.41657987919183503","54","2.1558306217193604","0.5272","0.5483579809761855","2.155830102808335","-1.3777823448181152","0.5446781920433243","2.0481741428375244","0.3687","0.3694832095165359","2.048174571990967","-2.4450254440307617","0.3757550510310352"
"cosmic-sweep-73","finished","-","anthony-wss","l-uw","2023-04-25T02:11:21.000Z","4480","2z2ru6yg","5sse2h62","","","2023-04-25T03:26:01.000Z","2023-04-25T03:26:01.000Z","eiqtb5twccli-c57rr","","","","1","Tesla V100-SXM2-32GB","l-uw","true","clcifar10-noiseless","0.0001","m-resnet18","0","269","2.158163547515869","0.3652","0.36260964150987063","2.216605452930226","-14.648309707641602","0.3745053113934597","299","2.1587514877319336","0.3644","0.3676317433867944","2.2160800428951486","-15.266695022583008","0.37242241199750054","39","2.187180280685425","0.5214","0.521604295401421","2.243643384821275","-0.9414539933204652","0.5196833992918142","2.1587514877319336","0.3644","0.3676317433867944","2.2160800428951486","-15.266695022583008","0.37242241199750054"
"lyric-sweep-85","finished","-","anthony-wss","pc-sigmoid","2023-04-25T04:46:52.000Z","4480","2z2ru6yg","r3nvsfiq","","","2023-04-25T06:01:32.000Z","2023-04-25T06:01:32.000Z","e32985twccli-mqj6q","","","","1","Tesla V100-SXM2-32GB","pc-sigmoid","true","clcifar10-noiseless","0.00001","m-resnet18","0","299","2.1905007362365723","0.3313","0.34076234117892107","2.2717759132385256","-25.34343147277832","0.3301395542595293","299","2.1905007362365723","0.3313","0.34076234117892107","2.2717759132385256","-25.34343147277832","0.3301395542595293","109","2.2228055000305176","0.4057","0.4062348121919045","3.1914996652042165","-3.7950572967529297","0.41178921058112894","2.1905007362365723","0.3313","0.34076234117892107","2.2717759132385256","-25.34343147277832","0.3301395542595293"
"happy-sweep-81","finished","-","anthony-wss","pc-sigmoid","2023-04-25T04:33:47.000Z","4447","2z2ru6yg","zwn9etuf","","","2023-04-25T05:47:54.000Z","2023-04-25T05:47:54.000Z","tktimhtwccli-bdj8w","","","","1","Tesla V100-SXM2-32GB","pc-sigmoid","true","clcifar10-noiseless","0.001","m-resnet18","0","289","2.1860272884368896","0.3032","0.2986414867273022","1.6586796760559082","-108.96304321289062","0.30014580295771714","299","2.190275192260742","0.319","0.3040107385035525","1.597842115514419","-115.64857482910156","0.29910435325973755","99","2.287875175476074","0.4431","0.4466199171468907","3.3091572817634134","-1.8418163061141968","0.43657571339304313","2.190275192260742","0.319","0.3040107385035525","1.597842115514419","-115.64857482910156","0.29910435325973755"
"fragrant-sweep-63","finished","-","anthony-wss","l-w","2023-04-24T23:40:16.000Z","4490","2z2ru6yg","z4sb5slw","","","2023-04-25T00:55:06.000Z","2023-04-25T00:55:06.000Z","eiqtb5twccli-c57rr","","","","1","Tesla V100-SXM2-32GB","l-w","true","clcifar10-noiseless","0.0001","m-resnet18","0","279","2.156332015991211","0.314","0.31361521905158646","2.4593431809369255","-18.08198928833008","0.3047281816288273","294","2.156364917755127","0.3301","0.3166007081857946","2.459092555326574","-18.244224548339844","0.3138929389710477","44","2.183394193649292","0.5091","0.5122775347728482","2.4848252913531135","-1.5445612668991089","0.49906269527181835","2.156907558441162","0.3186","0.32132194681663545","2.4592080508961396","-18.10525131225586","0.3193084774005416"
"zesty-sweep-74","finished","-","anthony-wss","l-uw","2023-04-25T02:11:52.000Z","4453","2z2ru6yg","dku4pfry","","","2023-04-25T03:26:05.000Z","2023-04-25T03:26:05.000Z","y5tqzdtwccli-2jtnp","","","","1","Tesla V100-SXM2-32GB","l-uw","true","clcifar10-noiseless","0.00005","m-resnet18","0","294","2.156956911087036","0.3508","0.33256960355481496","2.2143000630771414","-18.64866828918457","0.33722141220579044","299","2.157750368118286","0.3176","0.31305977921266404","2.214298391342163","-18.721277236938477","0.3111851697563008","64","2.177278757095337","0.4734","0.4924899905112361","2.2362522686229034","-2.7577497959136963","0.4913559675067694","2.157750368118286","0.3176","0.31305977921266404","2.214298391342163","-18.721277236938477","0.3111851697563008"
"still-sweep-2","finished","-","anthony-wss","ure-ga-u","2023-04-24T04:30:52.000Z","4654","2z2ru6yg","xxjbyi5y","","","2023-04-24T05:48:26.000Z","2023-04-24T05:48:26.000Z","e32985twccli-mqj6q","","","","1","Tesla V100-SXM2-32GB","ure-ga-u","true","clcifar10-noiseless","0.0005","m-resnet18","0","274","2.2432165145874023","0.3011","0.2976694670091879","0.2900288385503432","1.7506916522979736","0.3053530514476151","299","2.2432620525360107","0.307","0.29378138813673077","0.2536824310527128","1.749645113945007","0.30014580295771714","284","2.243730068206787","0.3095","0.29866463005392396","0.25757919900557574","1.7709364891052246","0.3101437200583212","2.2432620525360107","0.307","0.29378138813673077","0.2536824310527128","1.749645113945007","0.30014580295771714"
"feasible-sweep-64","finished","-","anthony-wss","l-w","2023-04-24T23:41:35.000Z","4468","2z2ru6yg","vs5f5pni","","","2023-04-25T00:56:03.000Z","2023-04-25T00:56:03.000Z","y5tqzdtwccli-2jtnp","","","","1","Tesla V100-SXM2-32GB","l-w","true","clcifar10-noiseless","0.00005","m-resnet18","0","294","2.150515079498291","0.2477","0.2523779768103867","2.457229934019201","-23.005090713500977","0.2497396375755051","299","2.150789976119995","0.2777","0.27441042375431046","2.457130426519057","-23.426664352416992","0.2784836492397417","24","2.2088608741760254","0.4456","0.4515263023907056","2.4946001501644357","0.057693857699632645","0.462195375963341","2.150789976119995","0.2777","0.27441042375431046","2.457130426519057","-23.426664352416992","0.2784836492397417"
"smooth-sweep-1","finished","-","anthony-wss","ure-ga-u","2023-04-24T03:13:25.000Z","4643","2z2ru6yg","rpfjc5g8","","","2023-04-24T04:30:48.000Z","2023-04-24T04:30:48.000Z","e32985twccli-mqj6q","","","","1","Tesla V100-SXM2-32GB","ure-ga-u","true","clcifar10-noiseless","0.001","m-resnet18","0","269","2.245882034301758","0.2584","0.2605012844546275","0.3069658637046814","1.8421956300735471","0.2714017912934805","269","2.245882034301758","0.2584","0.2605012844546275","0.3069658637046814","1.8421956300735471","0.2714017912934805","254","2.2469890117645264","0.2765","0.2772801962554097","0.2798813406158896","1.85625684261322","0.28577379712559886","2.246143579483032","0.2717","0.27258210095119073","0.2983573086121503","1.8476548194885256","0.2836908977296397"
"stoic-sweep-82","finished","-","anthony-wss","pc-sigmoid","2023-04-25T04:36:49.000Z","4446","2z2ru6yg","1eyjtfqz","","","2023-04-25T05:50:55.000Z","2023-04-25T05:50:55.000Z","qjwq80twccli-vc5ck","","","","1","Tesla V100-SXM2-32GB","pc-sigmoid","true","clcifar10-noiseless","0.0005","m-resnet18","0","279","2.146430253982544","0.2549","0.2391862806359786","0.43355828874251423","-240.6785888671875","0.25119766715267655","299","2.1486246585845947","0.2592","0.24992478418847924","0.3755508114309872","-250.9697265625","0.265153093105603","69","2.277806043624878","0.4431","0.4513642991043533","3.279850325864904","-2.7234458923339844","0.45386377837950426","2.1486246585845947","0.2592","0.24992478418847924","0.3755508114309872","-250.9697265625","0.265153093105603"
"scarlet-sweep-36","finished","-","anthony-wss","fwd-r","2023-04-24T17:21:54.000Z","4501","2z2ru6yg","lahfbd2h","","","2023-04-24T18:36:55.000Z","2023-04-24T18:36:55.000Z","tktimhtwccli-bdj8w","","","","1","Tesla V100-SXM2-32GB","fwd-r","true","clcifar20-noiseless","0.001","m-resnet18","0","299","2.890732765197754","0.2056","0.20443635536343988","2.890732662622318","-0.09712640941143036","0.20475020475020475","289","2.8928518295288086","0.203","0.20172904106472528","2.8928516742795014","-0.3475668728351593","0.19656019656019655","144","2.919198989868164","0.2193","0.22866568080991925","2.919199314228324","0.8238261938095093","0.2285012285012285","2.890732765197754","0.2056","0.20443635536343988","2.890732662622318","-0.09712640941143036","0.20475020475020475"
"crimson-sweep-84","finished","-","anthony-wss","pc-sigmoid","2023-04-25T04:42:06.000Z","4484","2z2ru6yg","umkapl0u","","","2023-04-25T05:56:50.000Z","2023-04-25T05:56:50.000Z","eiqtb5twccli-c57rr","","","","1","Tesla V100-SXM2-32GB","pc-sigmoid","true","clcifar10-noiseless","0.00005","m-resnet18","0","299","2.168705701828003","0.2045","0.22013932282626303","0.10754568576812744","-186.33120727539065","0.2116225786294522","299","2.168705701828003","0.2045","0.22013932282626303","0.10754568576812744","-186.33120727539065","0.2116225786294522","39","2.225437641143799","0.414","0.409775741165035","3.124993781482472","-6.685898303985596","0.4113726307019371","2.168705701828003","0.2045","0.22013932282626303","0.10754568576812744","-186.33120727539065","0.2116225786294522"
"logical-sweep-83","finished","-","anthony-wss","pc-sigmoid","2023-04-25T04:41:47.000Z","4455","2z2ru6yg","ytuy84pz","","","2023-04-25T05:56:02.000Z","2023-04-25T05:56:02.000Z","y5tqzdtwccli-2jtnp","","","","1","Tesla V100-SXM2-32GB","pc-sigmoid","true","clcifar10-noiseless","0.0001","m-resnet18","0","209","2.173117160797119","0.2036","0.20826679626929576","0.16689270524417651","-201.9883270263672","0.21349718808581544","284","2.1754555702209473","0.2242","0.22152792242356917","0.08783127349965712","-228.96487426757812","0.21537179754217872","29","2.238633394241333","0.4247","0.41935707838644726","3.224854228075813","-4.885795593261719","0.42137054780254113","2.1748218536376953","0.2011","0.2024809646138536","0.0900332156349631","-228.49432373046875","0.2078733597167257"
"rosy-sweep-40","finished","-","anthony-wss","fwd-r","2023-04-24T17:28:38.000Z","4551","2z2ru6yg","o7n4sbxo","","","2023-04-24T18:44:29.000Z","2023-04-24T18:44:29.000Z","e32985twccli-mqj6q","","","","1","Tesla V100-SXM2-32GB","fwd-r","true","clcifar20-noiseless","0.00001","m-resnet18","0","299","2.8452208042144775","0.1933","0.19779319758844272","2.8452208153037137","-1.1646660566329956","0.18734643734643736","264","2.853438377380371","0.195","0.2019337959276533","2.8534385464912235","-1.3461915254592896","0.18693693693693697","74","2.915783166885376","0.2109","0.2191104538732795","2.915782698365145","0.6827819347381592","0.22563472563472564","2.8452208042144775","0.1933","0.19779319758844272","2.8452208153037137","-1.1646660566329956","0.18734643734643736"
"laced-sweep-37","finished","-","anthony-wss","fwd-r","2023-04-24T17:23:44.000Z","4525","2z2ru6yg","jq6dazur","","","2023-04-24T18:39:09.000Z","2023-04-24T18:39:09.000Z","eiqtb5twccli-c57rr","","","","1","Tesla V100-SXM2-32GB","fwd-r","true","clcifar20-noiseless","0.0005","m-resnet18","0","299","2.8392584323883057","0.187","0.19606415652371745","2.839258388031361","-0.3484927713871002","0.19123669123669124","224","2.858206033706665","0.2107","0.2174951655101809","2.8582060143005017","-1.040075659751892","0.21048321048321048","79","2.9260799884796143","0.2467","0.24823114548970537","2.926080052242723","1.3191049098968506","0.24733824733824733","2.8392584323883057","0.187","0.19606415652371745","2.839258388031361","-0.3484927713871002","0.19123669123669124"
"daily-sweep-29","finished","-","anthony-wss","ure-ga-r","2023-04-24T14:49:28.000Z","4899","2z2ru6yg","3hytqccj","","","2023-04-24T16:11:07.000Z","2023-04-24T16:11:07.000Z","y5tqzdtwccli-2jtnp","","","","1","Tesla V100-SXM2-32GB","ure-ga-r","true","clcifar20-noiseless","0.00005","m-resnet18","0","294","2.953857421875","0.1863","0.1829825958366511","0.2538823856170787","1.71710205078125","0.18857493857493857","294","2.953857421875","0.1863","0.1829825958366511","0.2538823856170787","1.71710205078125","0.18857493857493857","289","2.954756021499634","0.1914","0.1876464566033443","0.5000779081222623","1.7716689109802246","0.19144144144144143","2.954139232635498","0.1836","0.18113980207029917","0.5632532682529715","1.7293254137039185","0.18181818181818185"
"flowing-sweep-28","finished","-","anthony-wss","ure-ga-r","2023-04-24T14:48:33.000Z","4888","2z2ru6yg","htdhyrq7","","","2023-04-24T16:10:01.000Z","2023-04-24T16:10:01.000Z","qjwq80twccli-vc5ck","","","","1","Tesla V100-SXM2-32GB","ure-ga-r","true","clcifar20-noiseless","0.0001","m-resnet18","0","294","2.9538238048553467","0.1815","0.1803207826185872","0.4844536091699157","1.873279094696045","0.1871416871416871","294","2.9538238048553467","0.1815","0.1803207826185872","0.4844536091699157","1.873279094696045","0.1871416871416871","289","2.9543910026550293","0.1801","0.18273233989307247","0.5063544775164405","1.9610352516174316","0.19144144144144143","2.9538745880126953","0.1819","0.18437037879649645","0.4257472504016965","1.8942173719406128","0.1887796887796888"
"trim-sweep-30","finished","-","anthony-wss","ure-ga-r","2023-04-24T14:52:13.000Z","4886","2z2ru6yg","soaxoybh","","","2023-04-24T16:13:39.000Z","2023-04-24T16:13:39.000Z","e32985twccli-mqj6q","","","","1","Tesla V100-SXM2-32GB","ure-ga-r","true","clcifar20-noiseless","0.00001","m-resnet18","0","284","2.9549646377563477","0.1794","0.17779547264247525","0.4316943232403246","1.597558856010437","0.1683046683046683","299","2.955008029937744","0.1667","0.16516892276191558","0.32003481686115265","1.5863395929336548","0.17158067158067158","169","2.9561619758605957","0.1637","0.1635081333181663","0.4647016088629878","1.822471022605896","0.17362817362817362","2.955008029937744","0.1667","0.16516892276191558","0.32003481686115265","1.5863395929336548","0.17158067158067158"
"still-sweep-26","finished","-","anthony-wss","ure-ga-r","2023-04-24T14:46:17.000Z","4878","2z2ru6yg","ilevla8d","","","2023-04-24T16:07:35.000Z","2023-04-24T16:07:35.000Z","tktimhtwccli-bdj8w","","","","1","Tesla V100-SXM2-32GB","ure-ga-r","true","clcifar20-noiseless","0.001","m-resnet18","0","289","2.9535796642303467","0.1504","0.14908429075190535","0.6530235111713409","1.982051372528076","0.15458640458640455","299","2.9537599086761475","0.1563","0.1540439085428279","0.5426474813111993","1.93218195438385","0.1552006552006552","219","2.954434871673584","0.1521","0.1518371061312706","0.7582531744657561","2.1323816776275635","0.16236691236691236","2.9537599086761475","0.1563","0.1540439085428279","0.5426474813111993","1.93218195438385","0.1552006552006552"
"exalted-sweep-27","finished","-","anthony-wss","ure-ga-r","2023-04-24T14:47:56.000Z","4881","2z2ru6yg","j1l69xqj","","","2023-04-24T16:09:17.000Z","2023-04-24T16:09:17.000Z","eiqtb5twccli-c57rr","","","","1","Tesla V100-SXM2-32GB","ure-ga-r","true","clcifar20-noiseless","0.0005","m-resnet18","0","274","2.9521167278289795","0.1606","0.16205209873734502","0.48444778662781385","1.874389052391052","0.16543816543816545","279","2.9522132873535156","0.1631","0.16193834603571836","0.5816106293783632","1.84942889213562","0.16871416871416872","219","2.9533658027648926","0.1629","0.16303037197133433","0.7329126433577648","2.0446441173553467","0.17465192465192464","2.9525301456451416","0.1521","0.15304288476851324","0.5532812687546708","1.8532365560531616","0.15561015561015562"
"exalted-sweep-38","finished","-","anthony-wss","fwd-r","2023-04-24T17:24:21.000Z","4503","2z2ru6yg","xbqrkrke","","","2023-04-24T18:39:24.000Z","2023-04-24T18:39:24.000Z","qjwq80twccli-vc5ck","","","","1","Tesla V100-SXM2-32GB","fwd-r","true","clcifar20-noiseless","0.0001","m-resnet18","0","299","2.743255376815796","0.1475","0.14635422591286543","2.7432555098866307","2.8016233444213867","0.14107289107289106","119","2.8134520053863525","0.2038","0.2066659083153225","2.813451966574026","-4.131585597991943","0.19656019656019655","34","2.9077248573303223","0.2461","0.25758161756341713","2.907723579295846","-0.6930769681930542","0.24672399672399672","2.743255376815796","0.1475","0.14635422591286543","2.7432555098866307","2.8016233444213867","0.14107289107289106"
"fragrant-sweep-39","finished","-","anthony-wss","fwd-r","2023-04-24T17:25:51.000Z","4528","2z2ru6yg","pbowws3j","","","2023-04-24T18:41:19.000Z","2023-04-24T18:41:19.000Z","y5tqzdtwccli-2jtnp","","","","1","Tesla V100-SXM2-32GB","fwd-r","true","clcifar20-noiseless","0.00005","m-resnet18","0","299","2.740166664123535","0.1259","0.13668524627459902","2.7401669940283133","-1.6814135313034058","0.12714987714987716","134","2.8104076385498047","0.1982","0.2054828802184052","2.81040718111881","-4.440361022949219","0.18898443898443895","34","2.9077951908111572","0.2402","0.24541007848936416","2.907794999521832","-0.8063217997550964","0.23771498771498772","2.740166664123535","0.1259","0.13668524627459902","2.7401669940283133","-1.6814135313034058","0.12714987714987716"
"iconic-sweep-8","finished","-","anthony-wss","ure-ga-u","2023-04-24T09:40:19.000Z","4874","2z2ru6yg","obfxlopd","","","2023-04-24T11:01:33.000Z","2023-04-24T11:01:33.000Z","qjwq80twccli-vc5ck","","","","1","Tesla V100-SXM2-32GB","ure-ga-u","true","clcifar20-noiseless","0.0001","m-resnet18","0","294","2.955185890197754","0.1128","0.1102491184165624","0.28836435287497764","1.6185745000839231","0.11773136773136772","299","2.955609083175659","0.1171","0.11015811625526106","0.25053134283354117","1.492809176445007","0.1122031122031122","184","2.956243991851806","0.1291","0.12958707769309522","0.2886299885982691","1.9717694520950315","0.12878787878787878","2.955609083175659","0.1171","0.11015811625526106","0.25053134283354117","1.492809176445007","0.1122031122031122"
"fanciful-sweep-90","finished","-","anthony-wss","pc-sigmoid","2023-04-25T06:01:37.000Z","4547","2z2ru6yg","uns1smcc","","","2023-04-25T07:17:24.000Z","2023-04-25T07:17:24.000Z","e32985twccli-mqj6q","","","","1","Tesla V100-SXM2-32GB","pc-sigmoid","true","clcifar20-noiseless","0.00001","m-resnet18","0","299","2.898710012435913","0.1162","0.12176089182118076","3.863385749417682","-73.1843032836914","0.1162981162981163","299","2.898710012435913","0.1162","0.12176089182118076","3.863385749417682","-73.1843032836914","0.1162981162981163","74","2.945169448852539","0.1614","0.1564782163576385","7.278149089147878","-5.644717216491699","0.16236691236691236","2.898710012435913","0.1162","0.12176089182118076","3.863385749417682","-73.1843032836914","0.1162981162981163"
"comfy-sweep-9","finished","-","anthony-wss","ure-ga-u","2023-04-24T09:40:28.000Z","4878","2z2ru6yg","m94rengk","","","2023-04-24T11:01:46.000Z","2023-04-24T11:01:46.000Z","y5tqzdtwccli-2jtnp","","","","1","Tesla V100-SXM2-32GB","ure-ga-u","true","clcifar20-noiseless","0.00005","m-resnet18","0","274","2.9556660652160645","0.1133","0.11320668865885564","0.24623618430869523","1.357825517654419","0.11425061425061424","284","2.956087589263916","0.1107","0.10779206006142646","0.2381067719570426","1.156091332435608","0.1036036036036036","104","2.9568138122558594","0.1293","0.12788078716869525","0.3421072946038357","1.817609190940857","0.13288288288288289","2.9560272693634033","0.1153","0.11691502673188488","0.24929361010706705","1.157802700996399","0.11363636363636365"
"rich-sweep-86","finished","-","anthony-wss","pc-sigmoid","2023-04-25T05:47:58.000Z","4516","2z2ru6yg","csl0lupx","","","2023-04-25T07:03:14.000Z","2023-04-25T07:03:14.000Z","tktimhtwccli-bdj8w","","","","1","Tesla V100-SXM2-32GB","pc-sigmoid","true","clcifar20-noiseless","0.001","m-resnet18","0","264","2.8931565284729004","0.1021","0.10292344443180526","1.2514501560566038","-469.016845703125","0.09623259623259624","299","2.8937296867370605","0.1106","0.10897508815834377","0.9753665383472","-518.1576538085938","0.10647010647010648","109","2.9697327613830566","0.1756","0.17408713456944602","7.034044786941173","-19.627864837646484","0.17956592956592957","2.8937296867370605","0.1106","0.10897508815834377","0.9753665383472","-518.1576538085938","0.10647010647010648"
"hardy-sweep-10","finished","-","anthony-wss","ure-ga-u","2023-04-24T09:42:09.000Z","4889","2z2ru6yg","dbzrvwff","","","2023-04-24T11:03:38.000Z","2023-04-24T11:03:38.000Z","e32985twccli-mqj6q","","","","1","Tesla V100-SXM2-32GB","ure-ga-u","true","clcifar20-noiseless","0.00001","m-resnet18","0","289","2.9558358192443848","0.0969","0.09935160960072802","0.25725189752356953","1.133062720298767","0.10012285012285012","289","2.9558358192443848","0.0969","0.09935160960072802","0.25725189752356953","1.133062720298767","0.10012285012285012","154","2.956470727920532","0.1142","0.112683426231373","0.3027263304521871","1.687085747718811","0.1117936117936118","2.956458806991577","0.1093","0.10553975656921852","0.297161796065264","1.2124165296554563","0.10667485667485668"
"elated-sweep-19","finished","-","anthony-wss","fwd-u","2023-04-24T12:16:12.000Z","4522","2z2ru6yg","3qhyhcsp","","","2023-04-24T13:31:34.000Z","2023-04-24T13:31:34.000Z","y5tqzdtwccli-2jtnp","","","","1","Tesla V100-SXM2-32GB","fwd-u","true","clcifar20-noiseless","0.00005","m-resnet18","0","179","2.943525791168213","0.1057","0.10540325332726652","2.9463330590447714","-6.338424205780029","0.09684684684684684","284","2.944668769836426","0.11","0.10856557843248778","2.9453060904214547","-7.758341312408447","0.10503685503685505","59","2.948815107345581","0.1199","0.11737003753839154","2.9528073238772015","-3.0740721225738525","0.12018837018837018","2.9519619941711426","0.1055","0.10506199522238652","2.951901128125745","-4.260980129241943","0.10032760032760032"
"amber-sweep-20","finished","-","anthony-wss","fwd-u","2023-04-24T12:18:27.000Z","4551","2z2ru6yg","gw38ogtr","","","2023-04-24T13:34:18.000Z","2023-04-24T13:34:18.000Z","e32985twccli-mqj6q","","","","1","Tesla V100-SXM2-32GB","fwd-u","true","clcifar20-noiseless","0.00001","m-resnet18","0","269","2.9451394081115723","0.1078","0.10735979979524514","2.9467451683310575","-5.099082946777344","0.111998361998362","289","2.9469447135925293","0.1097","0.1062905243999545","2.946474233338999","-5.635139465332031","0.1113841113841114","49","2.962761640548706","0.104","0.1025366852462746","2.96912372666736","1.819229245185852","0.11547911547911548","2.947377920150757","0.1055","0.10553975656921852","2.946953773498535","-5.61972188949585","0.10585585585585586"
"whole-sweep-60","finished","-","anthony-wss","scl-nl","2023-04-24T22:29:45.000Z","4546","2z2ru6yg","b1qbhj5f","","","2023-04-24T23:45:31.000Z","2023-04-24T23:45:31.000Z","e32985twccli-mqj6q","","","","1","Tesla V100-SXM2-32GB","scl-nl","true","clcifar20-noiseless","0.00001","m-resnet18","0","274","2.9459478855133057","0.104","0.10319645091570924","0.0023865043821874573","-5.574408531188965","0.1074938574938575","294","2.946826219558716","0.1044","0.10494824252075986","0.0026375281108072203","-5.736181735992432","0.11097461097461098","104","2.955840826034546","0.109","0.10731429871459448","0.014136780416159782","-0.303829163312912","0.11384111384111384","2.947568655014038","0.1053","0.10396996928677056","0.002297726441188282","-5.6273417472839355","0.1076986076986077"
"curious-sweep-50","finished","-","anthony-wss","scl-exp","2023-04-24T19:59:16.000Z","4543","2z2ru6yg","zuh2q9vp","","","2023-04-24T21:14:59.000Z","2023-04-24T21:14:59.000Z","e32985twccli-mqj6q","","","","1","Tesla V100-SXM2-32GB","scl-exp","true","clcifar20-noiseless","0.00001","m-resnet18","0","299","2.949767589569092","0.105","0.1037197133431919","1.0021128640618435","-5.689654350280762","0.10708435708435708","289","2.951052188873291","0.1058","0.1046979865771812","1.002361559590628","-5.710268497467041","0.11056511056511056","159","2.9542593955993652","0.1075","0.1047662381981572","1.0066388762274454","-2.5503745079040527","0.11425061425061424","2.949767589569092","0.105","0.1037197133431919","1.0021128640618435","-5.689654350280762","0.10708435708435708"
"golden-sweep-49","finished","-","anthony-wss","scl-exp","2023-04-24T19:55:47.000Z","4529","2z2ru6yg","m5knyiwm","","","2023-04-24T21:11:16.000Z","2023-04-24T21:11:16.000Z","y5tqzdtwccli-2jtnp","","","","1","Tesla V100-SXM2-32GB","scl-exp","true","clcifar20-noiseless","0.00005","m-resnet18","0","254","2.949491500854492","0.1005","0.09562052098737343","1.0024749484173088","-4.971031188964844","0.09602784602784604","199","2.949528932571411","0.0935","0.09600728017290412","1.002101289671521","-5.565493106842041","0.09398034398034398","14","2.976229190826416","0.1059","0.10353770902058924","1.0319537769916445","3.6454074382781982","0.111998361998362","2.9515068531036377","0.1025","0.09816858150381072","1.002868560857551","-4.785464763641357","0.10155610155610156"
"rich-sweep-18","finished","-","anthony-wss","fwd-u","2023-04-24T12:15:51.000Z","4512","2z2ru6yg","j2b0dn6u","","","2023-04-24T13:31:03.000Z","2023-04-24T13:31:03.000Z","qjwq80twccli-vc5ck","","","","1","Tesla V100-SXM2-32GB","fwd-u","true","clcifar20-noiseless","0.0001","m-resnet18","0","194","2.944250106811523","0.1002","0.099965874189512","2.9472539813019507","-4.581293106079102","0.10012285012285012","249","2.944901466369629","0.1058","0.10353770902058924","2.946420849755753","-5.634850025177002","0.10257985257985258","14","2.970323085784912","0.1025","0.09794107610055738","2.978502869606018","4.502294540405273","0.10913185913185912","2.9458870887756348","0.1008","0.0978045728586054","2.94758444608644","-4.276394367218018","0.09664209664209664"
"dauntless-sweep-59","finished","-","anthony-wss","scl-nl","2023-04-24T22:25:59.000Z","4526","2z2ru6yg","6814x3m2","","","2023-04-24T23:41:25.000Z","2023-04-24T23:41:25.000Z","y5tqzdtwccli-2jtnp","","","","1","Tesla V100-SXM2-32GB","scl-nl","true","clcifar20-noiseless","0.00005","m-resnet18","0","164","2.9434313774108887","0.117","0.11188715731998634","0.0013890879277443124","-6.959377765655518","0.10606060606060606","209","2.944265127182007","0.1093","0.11034012057786372","0.0009961149250536205","-7.596804618835449","0.11363636363636365","209","2.944265127182007","0.1093","0.11034012057786372","0.0009961149250536205","-7.596804618835449","0.11363636363636365","2.9486398696899414","0.1005","0.10192242065749062","0.004547306138150351","-5.11750602722168","0.10012285012285012"
"breezy-sweep-7","finished","-","anthony-wss","ure-ga-u","2023-04-24T09:40:13.000Z","4873","2z2ru6yg","vxrzieq5","","","2023-04-24T11:01:26.000Z","2023-04-24T11:01:26.000Z","eiqtb5twccli-c57rr","","","","1","Tesla V100-SXM2-32GB","ure-ga-u","true","clcifar20-noiseless","0.0005","m-resnet18","0","299","2.95511245727539","0.1003","0.10005687635081333","0.3857939839363098","2.5190446376800537","0.10257985257985258","294","2.955162763595581","0.0961","0.0989193493345467","0.3883251658705778","2.416717052459717","0.1038083538083538","279","2.9556214809417725","0.1","0.09757706745535208","0.3664809694123823","2.4984195232391357","0.10810810810810811","2.95511245727539","0.1003","0.10005687635081333","0.3857939839363098","2.5190446376800537","0.10257985257985258"
"brisk-sweep-80","finished","-","anthony-wss","l-uw","2023-04-25T03:31:05.000Z","4542","2z2ru6yg","t0f364ja","","","2023-04-25T04:46:47.000Z","2023-04-25T04:46:47.000Z","e32985twccli-mqj6q","","","","1","Tesla V100-SXM2-32GB","l-uw","true","clcifar20-noiseless","0.00001","m-resnet18","0","294","2.940321683883667","0.1009","0.09662154476168808","2.9562482307123585","-12.753235816955566","0.0941850941850942","299","2.940392255783081","0.0971","0.09566602206802412","2.9560402825821277","-13.149273872375488","0.09664209664209664","29","2.9656527042388916","0.1151","0.11147764759413036","2.97842788696289","2.6784260272979736","0.11875511875511877","2.940392255783081","0.0971","0.09566602206802412","2.9560402825821277","-13.149273872375488","0.09664209664209664"
"ruby-sweep-58","finished","-","anthony-wss","scl-nl","2023-04-24T22:24:22.000Z","4547","2z2ru6yg","zg6aedck","","","2023-04-24T23:40:09.000Z","2023-04-24T23:40:09.000Z","eiqtb5twccli-c57rr","","","","1","Tesla V100-SXM2-32GB","scl-nl","true","clcifar20-noiseless","0.0001","m-resnet18","0","229","2.9448328018188477","0.1013","0.09907860311682402","0.001365546902592922","-4.94490909576416","0.09377559377559376","264","2.9453275203704834","0.097","0.10026163121374132","0.001226375619596585","-5.620574474334717","0.0943898443898444","14","2.9705350399017334","0.1049","0.10105790012512796","0.03353425568012997","4.442586421966553","0.11076986076986076","2.948709487915039","0.0969","0.09689455124559208","0.00374441177023813","-3.9720358848571777","0.09193284193284192"
"honest-sweep-48","finished","-","anthony-wss","scl-exp","2023-04-24T19:53:41.000Z","4546","2z2ru6yg","jwcbnhnc","","","2023-04-24T21:09:27.000Z","2023-04-24T21:09:27.000Z","eiqtb5twccli-c57rr","","","","1","Tesla V100-SXM2-32GB","scl-exp","true","clcifar20-noiseless","0.0001","m-resnet18","0","244","2.9502017498016357","0.0969","0.0946877488340348","1.002493456352589","-4.944024562835693","0.09295659295659296","244","2.9502017498016357","0.0969","0.0946877488340348","1.002493456352589","-4.944024562835693","0.09295659295659296","39","2.9701077938079834","0.1031","0.10130815606870663","1.0242448712504186","3.088855743408203","0.1031941031941032","2.95125961303711","0.0948","0.0910704129223069","1.002888675345931","-4.5116143226623535","0.08988533988533988"
"major-sweep-70","finished","-","anthony-wss","l-w","2023-04-25T01:00:23.000Z","4550","2z2ru6yg","fwvyv0gl","","","2023-04-25T02:16:13.000Z","2023-04-25T02:16:13.000Z","e32985twccli-mqj6q","","","","1","Tesla V100-SXM2-32GB","l-w","true","clcifar20-noiseless","0.00001","m-resnet18","0","299","2.9383609294891357","0.0918","0.08934137185758162","3.1096624413201974","-17.255178451538086","0.09131859131859132","299","2.9383609294891357","0.0918","0.08934137185758162","3.1096624413201974","-17.255178451538086","0.09131859131859132","29","2.9650092124938965","0.1137","0.1100443635536344","3.1304004608198652","2.5389316082000732","0.11936936936936936","2.9383609294891357","0.0918","0.08934137185758162","3.1096624413201974","-17.255178451538086","0.09131859131859132"
"laced-sweep-6","finished","-","anthony-wss","ure-ga-u","2023-04-24T09:38:52.000Z","4865","2z2ru6yg","n27buz9j","","","2023-04-24T10:59:57.000Z","2023-04-24T10:59:57.000Z","tktimhtwccli-bdj8w","","","","1","Tesla V100-SXM2-32GB","ure-ga-u","true","clcifar20-noiseless","0.001","m-resnet18","0","284","2.9568817615509033","0.0874","0.087453077010579","0.4294907353645147","2.6886649131774902","0.09705159705159704","299","2.9571175575256348","0.0892","0.08922761915595495","0.3369033184162406","2.532255172729492","0.09664209664209664","294","2.9570090770721436","0.0918","0.0905699010351496","0.4760754011398138","2.58846378326416","0.0990990990990991","2.9571175575256348","0.0892","0.08922761915595495","0.3369033184162406","2.532255172729492","0.09664209664209664"
"copper-sweep-88","finished","-","anthony-wss","pc-sigmoid","2023-04-25T05:56:10.000Z","4525","2z2ru6yg","r4nlkp03","","","2023-04-25T07:11:35.000Z","2023-04-25T07:11:35.000Z","y5tqzdtwccli-2jtnp","","","","1","Tesla V100-SXM2-32GB","pc-sigmoid","true","clcifar20-noiseless","0.0001","m-resnet18","0","284","2.900129556655884","0.0843","0.08756682971220567","0.06807598748872447","-540.7561645507812","0.08394758394758395","279","2.9027607440948486","0.0835","0.08809009213968831","0.0660572606463765","-542.597412109375","0.08353808353808354","24","2.945284605026245","0.1577","0.15691047662381982","6.987363798673763","-15.315381050109863","0.15622440622440625","2.904329776763916","0.0863","0.09066090319645093","0.06921669147735418","-542.4718627929688","0.08271908271908272"
"decent-sweep-89","finished","-","anthony-wss","pc-sigmoid","2023-04-25T05:56:56.000Z","4557","2z2ru6yg","r8u7bmp0","","","2023-04-25T07:12:53.000Z","2023-04-25T07:12:53.000Z","eiqtb5twccli-c57rr","","","","1","Tesla V100-SXM2-32GB","pc-sigmoid","true","clcifar20-noiseless","0.00005","m-resnet18","0","294","2.9004969596862793","0.0869","0.09013764076896828","0.08624260162198266","-460.6813659667969","0.08742833742833743","299","2.901344060897827","0.086","0.0904333977931976","0.08665132799813914","-461.2943420410156","0.08415233415233415","19","2.955485582351685","0.1574","0.1536343988169719","7.454350260801093","-4.051992416381836","0.15827190827190826","2.901344060897827","0.086","0.0904333977931976","0.08665132799813914","-461.2943420410156","0.08415233415233415"
"vivid-sweep-87","finished","-","anthony-wss","pc-sigmoid","2023-04-25T05:51:02.000Z","4525","2z2ru6yg","a9rptzi9","","","2023-04-25T07:06:27.000Z","2023-04-25T07:06:27.000Z","qjwq80twccli-vc5ck","","","","1","Tesla V100-SXM2-32GB","pc-sigmoid","true","clcifar20-noiseless","0.0005","m-resnet18","0","129","2.8829729557037354","0.093","0.0964167898987601","0.41230366881503616","-445.5272521972656","0.095004095004095","284","2.8915209770202637","0.0834","0.08445000568763508","0.15321615199710048","-648.2776489257812","0.08906633906633907","69","2.952817678451538","0.1807","0.18307359799795245","6.5781552015348925","-37.17563247680664","0.18427518427518427","2.893129587173462","0.0822","0.0823114548970538","0.1534122595953387","-639.7874755859375","0.08927108927108927"
"feasible-sweep-78","finished","-","anthony-wss","l-uw","2023-04-25T03:26:07.000Z","4553","2z2ru6yg","jba0aun3","","","2023-04-25T04:42:00.000Z","2023-04-25T04:42:00.000Z","eiqtb5twccli-c57rr","","","","1","Tesla V100-SXM2-32GB","l-uw","true","clcifar20-noiseless","0.0001","m-resnet18","0","214","2.935429096221924","0.08","0.07887612330792856","2.9533316811849906","-20.004581451416016","0.08804258804258805","299","2.9369499683380127","0.0804","0.07905812763053123","2.9525649464407633","-23.342138290405273","0.07719082719082719","14","2.971412420272827","0.1035","0.09605278125355478","2.9800787276999894","4.117815971374512","0.10667485667485668","2.9369499683380127","0.0804","0.07905812763053123","2.9525649464407633","-23.342138290405273","0.07719082719082719"
"classic-sweep-17","finished","-","anthony-wss","fwd-u","2023-04-24T12:15:21.000Z","4494","2z2ru6yg","mh9nw1ue","","","2023-04-24T13:30:15.000Z","2023-04-24T13:30:15.000Z","eiqtb5twccli-c57rr","","","","1","Tesla V100-SXM2-32GB","fwd-u","true","clcifar20-noiseless","0.0005","m-resnet18","0","289","2.9629416465759277","0.083","0.08374473893754977","2.9731876434281816","3.772653579711914","0.08394758394758395","294","2.963451385498047","0.0813","0.08187919463087248","2.9730916161869847","3.4523301124572754","0.07616707616707617","109","2.9736571311950684","0.0933","0.09243544534182686","2.980601568554723","5.04889440536499","0.09336609336609336","2.963980913162231","0.0795","0.08053691275167785","2.9729849654574725","3.465057611465454","0.0821048321048321"
"wandering-sweep-76","finished","-","anthony-wss","l-uw","2023-04-25T03:18:39.000Z","4499","2z2ru6yg","i2cp1tp2","","","2023-04-25T04:33:38.000Z","2023-04-25T04:33:38.000Z","tktimhtwccli-bdj8w","","","","1","Tesla V100-SXM2-32GB","l-uw","true","clcifar20-noiseless","0.001","m-resnet18","0","259","2.9700987339019775","0.0741","0.07318848822659538","2.9816919592923896","4.965247631072998","0.08169533169533169","139","2.9717607498168945","0.0803","0.07678307359799795","2.9822080024453097","4.862188816070557","0.08394758394758395","279","2.970802068710327","0.0849","0.0829257194858378","2.9817070406536725","4.954285621643066","0.08804258804258805","2.9724040031433105","0.0793","0.0799453987032192","2.9818515167679895","4.984189987182617","0.07903357903357904"
"volcanic-sweep-68","finished","-","anthony-wss","l-w","2023-04-25T00:55:12.000Z","4561","2z2ru6yg","pdv7u4xc","","","2023-04-25T02:11:13.000Z","2023-04-25T02:11:13.000Z","eiqtb5twccli-c57rr","","","","1","Tesla V100-SXM2-32GB","l-w","true","clcifar20-noiseless","0.0001","m-resnet18","0","179","2.9327454566955566","0.0748","0.0773745876464566","3.10858481429344","-20.09694480895996","0.0819000819000819","294","2.9347949028015137","0.076","0.07853486520304857","3.1069883939831757","-25.536584854125977","0.07903357903357904","24","2.963423013687134","0.1062","0.1027414401092026","3.1292850998945014","3.3389108180999756","0.10687960687960688","2.93483304977417","0.0793","0.08042316005005119","3.107165070467217","-25.043567657470703","0.07944307944307945"
"absurd-sweep-66","finished","-","anthony-wss","l-w","2023-04-25T00:49:27.000Z","4509","2z2ru6yg","lilhiwfk","","","2023-04-25T02:04:36.000Z","2023-04-25T02:04:36.000Z","tktimhtwccli-bdj8w","","","","1","Tesla V100-SXM2-32GB","l-w","true","clcifar20-noiseless","0.001","m-resnet18","0","284","2.970888614654541","0.0789","0.0785576157433739","3.1327781150507374","4.676030158996582","0.07821457821457821","294","2.971374034881592","0.0761","0.07655556819474463","3.132940885632537","4.593844890594482","0.08169533169533169","164","2.972379207611084","0.0816","0.08069616653395519","3.133612957111625","4.879551887512207","0.09172809172809172","2.9746057987213135","0.0786","0.07512228415424867","3.133295719013658","4.687202453613281","0.07841932841932842"
"sunny-sweep-57","finished","-","anthony-wss","scl-nl","2023-04-24T22:22:52.000Z","4507","2z2ru6yg","r345gdxg","","","2023-04-24T23:37:59.000Z","2023-04-24T23:37:59.000Z","qjwq80twccli-vc5ck","","","","1","Tesla V100-SXM2-32GB","scl-nl","true","clcifar20-noiseless","0.0005","m-resnet18","0","294","2.968034505844116","0.078","0.07519053577522467","0.02884696928654299","3.1399099826812744","0.08087633087633088","294","2.968034505844116","0.078","0.07519053577522467","0.02884696928654299","3.1399099826812744","0.08087633087633088","64","2.973780870437622","0.0796","0.07830735979979525","0.03733901610208112","5.037607669830322","0.08476658476658476","2.9687178134918213","0.0774","0.07782959845296326","0.029340256287088227","3.300356864929199","0.07780507780507781"
"skilled-sweep-77","finished","-","anthony-wss","l-uw","2023-04-25T03:21:41.000Z","4500","2z2ru6yg","9vrajd5y","","","2023-04-25T04:36:41.000Z","2023-04-25T04:36:41.000Z","qjwq80twccli-vc5ck","","","","1","Tesla V100-SXM2-32GB","l-uw","true","clcifar20-noiseless","0.0005","m-resnet18","0","299","2.9663214683532715","0.0764","0.07571379820270731","2.978344820266546","4.2410478591918945","0.07186732186732187","299","2.9663214683532715","0.0764","0.07571379820270731","2.978344820266546","4.2410478591918945","0.07186732186732187","34","2.9758360385894775","0.077","0.07589580252530997","2.983241705007331","4.9665656089782715","0.08538083538083538","2.9663214683532715","0.0764","0.07571379820270731","2.978344820266546","4.2410478591918945","0.07186732186732187"
"lively-sweep-46","finished","-","anthony-wss","scl-exp","2023-04-24T19:50:59.000Z","4504","2z2ru6yg","pzzn3shk","","","2023-04-24T21:06:03.000Z","2023-04-24T21:06:03.000Z","tktimhtwccli-bdj8w","","","","1","Tesla V100-SXM2-32GB","scl-exp","true","clcifar20-noiseless","0.001","m-resnet18","0","139","2.972510814666748","0.0813","0.07600955522693664","1.0353781816571257","4.911648750305176","0.08005733005733005","279","2.9734368324279785","0.0761","0.07635081333181663","1.0341997908991436","4.610081672668457","0.0773955773955774","44","2.976438522338867","0.0822","0.07705608008190194","1.037732219973276","5.178294658660889","0.08742833742833743","2.9736766815185547","0.0757","0.07332499146854737","1.0346231640771375","4.869380950927734","0.0733005733005733"
"fresh-sweep-79","finished","-","anthony-wss","l-uw","2023-04-25T03:26:13.000Z","4524","2z2ru6yg","wkacq1f5","","","2023-04-25T04:41:37.000Z","2023-04-25T04:41:37.000Z","y5tqzdtwccli-2jtnp","","","","1","Tesla V100-SXM2-32GB","l-uw","true","clcifar20-noiseless","0.00005","m-resnet18","0","189","2.9346601963043213","0.0775","0.0810601751791605","2.952210027118062","-29.486671447753903","0.08763308763308764","289","2.9356560707092285","0.0583","0.06467978614492094","2.95086855666582","-33.52817916870117","0.05773955773955774","4","2.9695277214050293","0.1091","0.112137413263565","2.981965602830399","3.6453893184661865","0.11752661752661751","2.9359731674194336","0.0749","0.07373450119440336","2.951054015824961","-32.22548294067383","0.07063882063882064"
"noble-sweep-16","finished","-","anthony-wss","fwd-u","2023-04-24T12:13:57.000Z","4496","2z2ru6yg","t1otedji","","","2023-04-24T13:28:53.000Z","2023-04-24T13:28:53.000Z","tktimhtwccli-bdj8w","","","","1","Tesla V100-SXM2-32GB","fwd-u","true","clcifar20-noiseless","0.001","m-resnet18","0","269","2.971183061599731","0.08","0.08394949380047777","2.980158672776333","4.906831741333008","0.08333333333333333","269","2.971183061599731","0.08","0.08394949380047777","2.980158672776333","4.906831741333008","0.08333333333333333","139","2.972971200942993","0.0833","0.0813331816630645","2.981289652890937","5.057533264160156","0.09561834561834562","2.9732556343078613","0.0737","0.07084518257308611","2.97999370098114","4.996691703796387","0.07125307125307126"
"kind-sweep-67","finished","-","anthony-wss","l-w","2023-04-25T00:52:15.000Z","4514","2z2ru6yg","dxv21z8x","","","2023-04-25T02:07:29.000Z","2023-04-25T02:07:29.000Z","qjwq80twccli-vc5ck","","","","1","Tesla V100-SXM2-32GB","l-w","true","clcifar20-noiseless","0.0005","m-resnet18","0","279","2.9656622409820557","0.069","0.07327949038789672","3.1306938542876135","4.359185218811035","0.07248157248157248","294","2.9667611122131348","0.0675","0.07036742122625413","3.1308536002802296","4.14321231842041","0.07043407043407043","64","2.973768711090088","0.0817","0.07721533386417928","3.134302496910095","4.915247440338135","0.08722358722358722","2.9666473865509033","0.0667","0.0697986577181208","3.1308184196782665","4.233754634857178","0.07043407043407043"
"royal-sweep-47","finished","-","anthony-wss","scl-exp","2023-04-24T19:53:37.000Z","4502","2z2ru6yg","syfcipg6","","","2023-04-24T21:08:39.000Z","2023-04-24T21:08:39.000Z","qjwq80twccli-vc5ck","","","","1","Tesla V100-SXM2-32GB","scl-exp","true","clcifar20-noiseless","0.0005","m-resnet18","0","299","2.9678194522857666","0.0661","0.06643157774997156","1.030379086039787","3.835179090499878","0.06695331695331695","289","2.9693245887756348","0.0745","0.07582755090433398","1.0302844089131022","3.6425998210906982","0.08067158067158067","139","2.972351312637329","0.0826","0.08115117734046183","1.0344669666401176","4.881711483001709","0.085995085995086","2.9678194522857666","0.0661","0.06643157774997156","1.030379086039787","3.835179090499878","0.06695331695331695"
"astral-sweep-56","finished","-","anthony-wss","scl-nl","2023-04-24T22:20:09.000Z","4500","2z2ru6yg","l8hsolv1","","","2023-04-24T23:35:09.000Z","2023-04-24T23:35:09.000Z","tktimhtwccli-bdj8w","","","","1","Tesla V100-SXM2-32GB","scl-nl","true","clcifar20-noiseless","0.001","m-resnet18","0","269","2.969203233718872","0.0897","0.08333522921169378","0.03520465696360483","4.9471211433410645","0.09172809172809172","284","2.9697256088256836","0.0873","0.08613354567170971","0.03495332930063785","4.8824286460876465","0.08558558558558559","254","2.9701249599456787","0.086","0.0848140143328404","0.03540299707200638","4.899453639984131","0.0941850941850942","2.971566677093506","0.0612","0.05817313161187578","0.034892142490418845","4.887975692749023","0.05671580671580671"
"usual-sweep-69","finished","-","anthony-wss","l-w","2023-04-25T00:56:11.000Z","4534","2z2ru6yg","vgg8z8wi","","","2023-04-25T02:11:45.000Z","2023-04-25T02:11:45.000Z","y5tqzdtwccli-2jtnp","","","","1","Tesla V100-SXM2-32GB","l-w","true","clcifar20-noiseless","0.00005","m-resnet18","0","269","2.9318721294403076","0.0642","0.062404732112387666","3.1057273066321085","-35.23866653442383","0.059377559377559376","294","2.9322893619537354","0.0713","0.07309748606529405","3.105487030605937","-37.1788215637207","0.07862407862407862","4","2.9684576988220215","0.1102","0.11300193379592766","3.1335520023523373","3.576247453689575","0.11998361998361998","2.932913064956665","0.0603","0.06313274940279831","3.1056574832561403","-36.00796890258789","0.062244062244062245"